StartDate,EndDate,Status,IPAddress,Progress,Duration (in seconds),Finished,RecordedDate,ResponseId,RecipientLastName,RecipientFirstName,RecipientEmail,ExternalReference,LocationLatitude,LocationLongitude,DistributionChannel,UserLanguage,Q1,Q2,Q2_16_TEXT,Q40,Q4,Q6,Q6_6_TEXT,Q7,Q9,Q43,Q43_11_TEXT,Q13_1,Q13_2,Q13_3,Q13_4,Q14_1,Q14_2,Q14_3,Q14_4,Q15_1,Q15_2,Q15_3,Q15_4,Q18_1,Q18_2,Q18_3,Q19_1,Q19_2,Q19_3,Q20_1,Q20_2,Q20_3,Q21_1,Q21_2,Q21_3,Q21_4,Q21_5,Q21_6,Q21_7,Q21_8,Q21_9,Q21_10,Q22,Q23_1,Q23_2,Q23_3,Q24_1,Q24_2,Q25_1,Q25_2,Q25_3,Q25_4,Q25_5,Q26_1,Q26_2,Q28_1,Q28_2,Q28_3,Q28_4,Q28_5,Q28_6,Q29,Q30,Q31,Q32,Q33,Q34,Q35,Q36
Start Date,End Date,Response Type,IP Address,Progress,Duration (in seconds),Finished,Recorded Date,Response ID,Recipient Last Name,Recipient First Name,Recipient Email,External Data Reference,Location Latitude,Location Longitude,Distribution Channel,User Language,"Wie lange besteht das Unternehmen, in dem Sie arbeiten?",In welcher Branche ist das Unternehmen tätig? - Selected Choice,In welcher Branche ist das Unternehmen tätig? - Sonstiges (bitte beschreiben): - Text,Was ist Ihre Rolle im Unternehmen?,Wie würden Sie Ihr Verständnis und Wissen bezüglich Blockchain einschätzen?,"Im Allgemeinen gibt es fünf grundlegende Akteure in einer Blockchain-Umgebung. 
Welche der unten aufgeführten Rollen beschreibt Ihr Unternehmen am besten? (Wenn Sie Blockchain noch nie verwendet haben, entscheiden Sie, welche Beschreibung in Ihrem Kontext am besten passt) - Selected Choice","Im Allgemeinen gibt es fünf grundlegende Akteure in einer Blockchain-Umgebung. 
Welche der unten aufgeführten Rollen beschreibt Ihr Unternehmen am besten? (Wenn Sie Blockchain noch nie verwendet haben, entscheiden Sie, welche Beschreibung in Ihrem Kontext am besten passt) - Andere (bitte beschreiben) - Text","Welches Stadium hat das Blockchain-Projekt Ihres Unternehmens erreicht? (Wenn Sie mehrere Projekte haben, wählen Sie das repräsentativste aus)",Angehalten: In welchem Stadium haben Sie Ihr Projekt gestoppt?,Welcher der folgenden Anwendungsfälle beschreibt Ihr Hauptprojekt? (mehrere möglich) - Selected Choice,Welcher der folgenden Anwendungsfälle beschreibt Ihr Hauptprojekt? (mehrere möglich) - Andere - Text,Relativer Vorteil: Meiner Meinung nach... - ...können Blockchains die Gewinne meines Unternehmens steigern.,Relativer Vorteil: Meiner Meinung nach... - ...können Blockchains die Effizienz meines Unternehmens steigern.,Relativer Vorteil: Meiner Meinung nach... - ...verbessert die Verwendung einer Blockchain die Qualität des Endprodukts meines Unternehmens.,"Relativer Vorteil: Meiner Meinung nach... - ...können wir zusätzliche Kunden gewinnen, wenn wir Blockchain in Prozesse einführen.",Kosten: Meiner Meinung nach... - ...sind Investitionen in Blockchains zumutbar und erschwinglich.,Kosten: Meiner Meinung nach... - ...sind die Kosten für die Wartung von Blockchains zumutbar und bezahlbar.,Kosten: Meiner Meinung nach... - ...können Betriebskosten durch den Einsatz von Blockchains reduziert werden.,Kosten: Meiner Meinung nach... - ...sind die Kosten für die Implementierung von Blockchains akzeptabel.,Kompatibilität: Meiner Meinung nach... - ...stimmen die durch Blockchains eingeführten Veränderungen mit den bestehenden Überzeugungen/Werten meines Unternehmens überein.,Kompatibilität: Meiner Meinung nach... - ...sind Blockchains mit der bestehenden Informationsinfrastruktur in meinem Unternehmen kompatibel.,Kompatibilität: Meiner Meinung nach... - ...sind die durch Blockchains eingeführten Änderungen mit den bestehenden Praktiken vereinbar.,Kompatibilität: Meiner Meinung nach... - ...ist die Blockchain-Entwicklung kompatibel mit den bestehenden Erfahrungen meines Unternehmens mit ähnlichen Systemen.,"Komplexität: Meiner Meinung nach... - ...versteht mein Unternehmen, wie man Blockchain-Anwendungen betreibt.","Komplexität: Meiner Meinung nach... - ...sind Blockchain-Anwendungen (wie Hyperledger, Corda, etc.) einfach zu bedienen.",Komplexität: Meiner Meinung nach... - ...ist das Erlernen des Umgangs mit Blockchain-Anwendungen einfach.,Erprobbarkeit: Meiner Meinung nach... - ...können Blockchains innerhalb einer akzeptablen Zeitspanne erprobt werden.,"Erprobbarkeit: Meiner Meinung nach... - ...hatte ich schon viele Gelegenheiten, verschiedene Blockchain-Anwendungen auszuprobieren.",Erprobbarkeit: Meiner Meinung nach... - ...ist ein Praxistest der verschiedenen Einsatzmöglichkeiten der Blockchain möglich.,"Beobachtbarkeit: Meiner Meinung nach... - ...ist es für mich einfach zu erklären, warum die Einführung von Blockchains vorteilhaft sein kann oder nicht.",Beobachtbarkeit: Meiner Meinung nach... - ...könnte ich anderen die Vor- und Nachteile der Einführung von Blockchain vermitteln.,"Beobachtbarkeit: Meiner Meinung nach... - ...ist es einfach, die Ergebnisse einer Blockchain-Anwendung zu beobachten.","Organisatorische Bereitschaft: Meiner Meinung nach... - ...ist meine Organisation flexibel bei der Zuweisung angemessener Ressourcen (z. B. finanzielle, personelle oder IT-Ressourcen), die für Innovationen im IT-Portfolio erforderlich sind.","Organisatorische Bereitschaft: Meiner Meinung nach... - ...hat meine Organisation einen gut etablierten Weg, Ideen und Gedanken auszutauschen, um sich mit dem IT-Portfolio für Innovationen zu engagieren.",Organisatorische Bereitschaft: Meiner Meinung nach... - ...nimmt meine Organisation angemessene Risikobewertungen für den Einsatz von IT zur Förderung von Innovationen vor.,"Organisatorische Bereitschaft: Meiner Meinung nach... - ...sind die IT-Systeme in meiner Organisation stabil, aktuell und zuverlässig.","Organisatorische Bereitschaft: Meiner Meinung nach... - ...habe ich Zugang zu einer Reihe neuer Technologien wie Cloud, Mobile, Social Media und Big-Data-Analytik, um Innovationen zu ermöglichen.","Organisatorische Bereitschaft: Meiner Meinung nach... - ...sind unsere Mitarbeiter motiviert, Innovationen zu ermöglichen.","Organisatorische Bereitschaft: Meiner Meinung nach... - ...sind unsere Mitarbeiter in der Lage, Entscheidungen zu treffen, die Innovationen ermöglichen.","Organisatorische Bereitschaft: Meiner Meinung nach... - ...verfügen unsere Mitarbeiter über das entsprechende Wissen (d.h. technisch, geschäftsprozessbezogen und organisatorisch), um Blockchains zu ermöglichen.","Organisatorische Bereitschaft: Meiner Meinung nach... - ...sind wir gut darin, neue Ideen innerhalb der Organisation umzusetzen.",Organisatorische Bereitschaft: Meiner Meinung nach... - ...sind die meisten unserer neuen Ideen inzwischen umgesetzt.,Wie viele Personen arbeiten Vollzeit in Ihrem Unternehmen?,"Unterstützung der Geschäftsleitung: Meiner Meinung nach... - ...reagieren die Führungskräfte aktiv und nehmen zur Kenntnis, wenn ein Projekt initiiert wird.","Unterstützung der Geschäftsleitung: Meiner Meinung nach... - ...sind Führungskräfte bereit, Risiken bei der Einführung von Blockchains zu akzeptieren.",Unterstützung der Geschäftsleitung: Meiner Meinung nach... - ...werden Führungskräfte die Einführung von Blockchain-Anwendungen als strategisch wichtig erachten.,Wettbewerbsintensität: Meiner Meinung nach... - ...sind die Gewinnmargen meiner Branche höher als die anderer Branchen.,Wettbewerbsintensität: Meiner Meinung nach... - ...wird der Marktanteil meines Unternehmens in der Branche in den nächsten Jahren wachsen.,"Bitte bewerten Sie den Druck, der auf Ihre Organisation ausgeübt wird, Blockchain zu nutzen, durch... - ...Konkurrenten","Bitte bewerten Sie den Druck, der auf Ihre Organisation ausgeübt wird, Blockchain zu nutzen, durch... - ...Kunden","Bitte bewerten Sie den Druck, der auf Ihre Organisation ausgeübt wird, Blockchain zu nutzen, durch... - ...Lieferanten","Bitte bewerten Sie den Druck, der auf Ihre Organisation ausgeübt wird, Blockchain zu nutzen, durch... - ...Regierungsbehörden/Regulierungsbehörden","Bitte bewerten Sie den Druck, der auf Ihre Organisation ausgeübt wird, Blockchain zu nutzen, durch... - ...Anteilhaber/Aktionäre",Regulatorische Ungewissheit: Meiner Meinung nach... - ...unterstützt das regulatorische Umfeld derzeit Blockchain-Projekte nicht.,Regulatorische Ungewissheit: Meiner Meinung nach... - ...werden Blockchain-Projekte in der unmittelbaren Zukunft nicht genügend regulatorische Unterstützung haben.,Bitte bewerten Sie die Zusammenarbeit Ihres Unternehmens mit: - ...Konkurrenz,Bitte bewerten Sie die Zusammenarbeit Ihres Unternehmens mit: - ...Kunden,Bitte bewerten Sie die Zusammenarbeit Ihres Unternehmens mit: - ...Lieferanten,Bitte bewerten Sie die Zusammenarbeit Ihres Unternehmens mit: - ...Regierungsbehörden/Regulierungsbehörden,Bitte bewerten Sie die Zusammenarbeit Ihres Unternehmens mit: - ...IT Anbieter,Bitte bewerten Sie die Zusammenarbeit Ihres Unternehmens mit: - ...Universitäten,Wie viele verschiedene Geschäftskunden (nicht Endverbraucher!) haben Sie?,Wie viele verschiedene Länder sind durch Ihre Geschäftskunden vertreten?,Wie viele verschiedene Lieferanten haben Sie?,Wie viele verschiedene Länder sind durch Ihre Lieferanten vertreten?,In welcher Abteilung arbeiten Sie?,Optional: Wie lautet der Name Ihres Unternehmens?,"Optional: Wenn Sie die Ergebnisse dieser Studie erhalten möchten, geben Sie bitte Ihre E-Mail Adresse an","Optional: Haben Sie weitere Kommentare, Vorschläge oder Feedback?"
0,0,0,0,0,0,0,0,0,0,0,0,0,0,0,0,0,2,6,,1,2,1,,2,,4,,1,2,1,2,2,1,2,2,2,1,2,2,2,2,3,2,3,3,3,3,5,4,3,4,5,4,1,6,4,3,5,1,4,3,4,5,4,2,1,2,4,2,3,2,4,3,4,3,3,5,2,2,3,3,10,0,0,0
0,0,0,0,100,0,0,0,0,0,,,,0,0,0,0,3,15,,12,2,5,,4,,10,,4,5,4,4,3,4,4,4,3,4,3,4,4,5,4,4,4,3,5,5,6,4,5,5,4,6,5,5,4,5,5,16,4,5,5,5,5,2,2,2,2,2,3,3,3,6,5,5,4,5,3,1,1,1,11,0,0,0
0,0,0,0,100,0,0,0,0,0,,,,0,0,0,0,4,12,,12,3,4,,4,,3,,3,3,3,3,3,3,3,3,3,3,3,3,3,3,3,3,3,3,4,4,4,4,4,4,4,4,4,4,4,4,4,17,4,4,4,4,4,3,3,3,3,3,3,3,4,4,4,4,4,4,5,1,5,3,17,0,0,0
0,0,0,0,100,0,0,0,0,0,,,,0,0,0,0,4,4,,1,2,4,,7,,,,3,3,4,3,3,3,3,4,4,4,4,4,4,4,3,4,5,4,5,5,5,5,5,5,5,5,5,5,4,5,5,15,4,4,5,5,5,4,4,4,4,4,4,4,5,5,5,5,5,5,1,1,1,1,17,0,0,0
0,0,0,0,100,0,0,0,0,0,,,,0,0,0,0,4,14,,12,3,4,,7,,,,2,2,1,2,2,2,2,2,2,2,2,2,2,3,3,3,1,2,1,1,3,5,5,5,5,4,5,5,3,5,5,1,5,3,3,3,3,1,1,1,1,1,4,4,4,5,5,3,4,4,3,3,1,1,11,0,0,0
0,0,0,0,100,0,0,0,0,0,,,,0,0,0,0,4,7,,2,1,1,,3,,"3,5,7",,4,4,4,4,3,2,4,3,2,4,4,4,2,3,3,3,2,3,3,4,3,5,5,3,4,5,3,6,3,4,4,17,6,6,5,5,5,4,4,3,4,2,3,4,6,6,4,4,6,5,5,1,1,1,19,0,0,0
0,0,0,0,100,0,0,0,0,0,,,,0,0,0,0,4,14,,2,3,6,Keine ,7,,,,3,3,2,2,3,3,3,3,3,3,3,3,1,1,3,2,1,1,1,1,1,1,1,1,1,1,1,4,1,4,4,1,5,1,1,1,1,1,1,1,1,1,3,5,4,5,5,3,1,1,2,1,1,1,11,0,0,0
0,0,0,0,100,0,0,0,0,0,,,,0,0,0,0,4,4,,2,1,4,,7,,,,2,2,2,2,2,4,2,4,2,2,2,4,3,4,4,4,2,4,4,3,4,4,3,3,5,5,4,5,5,4,4,15,5,3,3,4,4,1,1,1,1,1,3,3,5,5,5,1,5,1,4,1,2,1,19,0,0,0
0,0,0,0,100,0,0,0,0,0,,,,0,0,0,0,4,15,,3,3,4,,2,,3,,4,4,4,2,3,3,2,3,3,3,3,3,2,1,1,2,1,2,3,3,3,1,3,3,1,3,5,3,1,1,1,17,5,4,4,5,4,2,2,3,3,1,4,4,4,5,5,4,3,3,3,1,2,2,11,0,0,0
0,0,0,0,100,0,0,0,0,0,,,,0,0,0,0,4,6,,3,3,3,,7,,,,4,4,3,2,3,3,4,2,4,2,3,3,2,2,2,2,1,2,3,3,4,1,1,3,1,1,1,3,5,3,3,17,3,3,3,3,4,2,2,1,3,2,4,3,5,6,3,6,1,6,1,1,5,4,11,0,0,0
0,0,0,0,100,0,0,0,0,0,,,,0,0,0,0,4,12,,2,1,4,,5,,"3,6",,5,5,5,5,5,5,5,4,5,5,5,5,5,5,5,5,5,5,6,6,6,6,6,6,6,6,6,6,6,6,6,17,6,6,6,6,6,2,4,3,3,3,5,5,3,6,6,4,6,6,4,6,2,4,15,0,0,0
0,0,0,0,100,0,0,0,0,0,,,,0,0,0,0,4,12,,3,3,6,Handel,7,,,,3,3,3,3,2,2,2,2,2,2,2,2,3,3,2,3,1,2,1,1,1,1,1,1,1,1,1,1,1,1,1,16,4,1,3,3,3,1,1,1,1,1,1,1,1,5,5,4,3,4,3,1,1,1,14,0,0,0
0,0,0,0,100,0,0,0,0,0,,,,0,0,0,0,2,11,,2,2,4,,4,,6,,3,4,4,4,4,3,4,4,3,4,2,3,4,3,2,2,4,3,5,5,3,5,4,5,6,5,3,3,6,3,5,17,4,3,4,4,5,4,4,4,3,3,3,3,4,5,4,4,5,5,2,1,1,1,11,0,0,0
0,0,0,0,100,0,0,0,0,0,,,,0,0,0,0,4,6,,2,3,4,,7,,,,2,2,2,2,3,3,4,3,2,2,2,2,2,2,2,3,1,3,4,4,4,4,4,3,5,5,4,4,3,3,3,17,4,3,3,3,4,2,2,1,2,2,2,2,5,4,4,4,4,4,3,1,3,1,11,0,0,0
0,0,0,0,100,0,0,0,0,0,,,,0,0,0,0,4,12,,2,3,2,,3,,3,,3,3,3,3,2,4,3,3,2,4,3,3,3,3,3,3,4,2,3,4,5,4,4,3,5,3,4,4,6,4,5,15,3,3,3,4,3,2,4,4,2,3,3,3,3,3,4,4,3,4,5,1,2,1,13,0,0,0
0,0,0,0,100,0,0,0,0,0,,,,0,0,0,0,4,16,büro,2,1,2,,4,,"4,7",,2,3,3,4,3,3,2,3,3,3,3,3,3,3,3,3,2,3,4,4,5,1,3,4,4,4,5,5,3,4,5,15,3,4,4,4,4,3,3,3,3,2,3,4,4,4,3,4,3,3,2,2,3,2,15,0,0,0
0,0,0,0,100,0,0,0,0,0,,,,0,0,0,0,4,14,,3,2,4,,2,,6,,4,4,4,4,4,4,4,4,4,4,4,4,3,4,3,3,3,4,5,4,5,5,5,5,5,5,4,5,4,5,4,16,4,4,4,3,5,4,3,2,2,2,4,4,3,6,4,3,5,3,5,1,1,1,11,0,0,0
0,0,0,0,100,0,0,0,0,0,,,,0,0,0,0,4,14,,3,3,5,,7,,,,3,3,3,3,3,3,3,3,3,3,5,2,3,2,4,3,3,4,5,3,4,5,5,4,5,5,6,5,5,5,5,17,4,5,5,5,5,3,4,4,4,3,3,4,5,5,5,4,4,5,5,1,2,1,11,0,0,0
0,0,0,0,100,0,0,0,0,0,,,,0,0,0,0,4,12,,1,3,6,schmuck,7,,,,2,3,4,3,3,4,2,3,3,1,4,3,3,4,5,3,4,3,4,3,5,4,3,4,4,4,3,5,6,3,3,1,4,3,3,4,5,2,3,2,4,4,4,5,4,6,5,6,4,3,4,1,1,1,17,0,0,0
0,0,0,0,100,0,0,0,0,0,,,,0,0,0,0,4,6,,3,3,6,Keine ,7,,,,3,3,3,3,2,3,3,3,3,3,3,3,3,3,3,3,3,3,4,4,4,4,4,4,4,4,4,4,4,4,4,1,4,4,4,4,4,2,3,3,4,3,3,3,4,5,4,4,4,4,5,1,1,1,11,0,0,0
0,0,0,0,100,0,0,0,0,0,,,,0,0,0,0,4,14,,1,3,5,,7,,,,2,2,1,1,3,2,1,1,1,1,1,1,1,2,1,1,1,1,3,1,1,1,4,3,4,4,4,4,1,4,4,1,5,3,1,4,5,1,1,1,1,1,3,3,5,5,4,5,4,3,2,3,1,1,17,0,0,0
0,0,0,0,100,0,0,0,0,0,,,,0,0,0,0,4,11,,2,2,2,,7,,,,1,4,4,1,2,3,4,2,4,1,4,4,2,1,1,2,1,1,3,3,3,3,3,4,5,5,3,3,1,3,3,17,4,1,1,1,1,1,1,1,1,1,5,3,4,5,5,6,4,6,4,3,5,3,20,0,0,0
0,0,0,0,100,0,0,0,0,0,,,,0,0,0,0,4,16,ausbildung,3,3,6,leine,7,,,,1,1,1,1,1,1,1,1,1,1,1,1,1,1,1,1,1,1,1,1,1,4,4,4,4,4,4,4,4,4,4,15,4,4,4,1,4,4,1,3,3,3,3,3,4,4,4,4,4,1,1,1,1,1,15,0,0,0
0,0,0,0,100,0,0,0,0,0,,,,0,0,0,0,4,8,,3,3,5,,7,,,,3,3,3,3,3,3,3,3,3,3,3,3,3,3,3,3,3,3,4,4,4,4,4,4,4,4,4,4,4,4,4,16,4,4,4,4,4,3,3,3,3,3,3,3,4,4,4,4,4,4,1,1,1,1,11,0,0,0
0,0,0,0,100,0,0,0,0,0,,,,0,0,0,0,3,4,,1,2,4,,3,,2,,5,5,5,5,5,5,5,5,5,5,5,5,5,5,5,5,5,5,6,6,6,6,6,6,6,6,6,6,6,6,6,15,6,6,6,6,6,5,5,5,5,5,1,1,6,6,6,6,6,6,2,1,2,2,17,0,0,0
0,0,0,0,100,0,0,0,0,0,,,,0,0,0,0,3,1,,12,2,5,,3,,"2,3",,5,4,5,4,3,5,4,3,5,3,4,3,4,5,4,4,4,3,6,5,6,6,5,6,5,4,6,5,6,6,5,15,6,5,6,5,5,3,4,3,4,4,3,3,4,5,6,6,6,6,2,1,1,1,17,0,0,0
0,0,0,0,100,0,0,0,0,0,,,,0,0,0,0,3,1,,12,2,5,,3,,"2,3",,5,4,5,4,4,4,5,4,3,4,4,5,4,4,5,5,4,5,4,5,5,5,6,5,4,5,6,5,6,6,6,15,6,6,6,5,6,4,5,4,5,5,4,5,5,5,6,5,6,6,1,1,1,1,17,0,0,0
0,0,0,0,100,0,0,0,0,0,,,,0,0,0,0,4,6,,3,3,3,,7,,,,1,1,1,1,3,1,1,1,1,1,1,1,1,1,1,1,1,1,1,1,1,4,4,4,4,4,4,4,4,4,4,17,4,4,4,4,4,3,3,3,3,3,3,3,5,6,5,4,4,6,5,6,4,3,12,0,0,0
0,0,0,0,100,0,0,0,0,0,,,,0,0,0,0,4,4,,2,2,,,5,,"3,5,6,7,9",,4,4,4,5,4,4,5,5,4,5,4,4,4,4,5,5,5,5,6,6,6,6,6,6,6,6,6,6,6,6,6,15,6,6,6,5,5,3,3,4,3,4,1,1,4,5,5,4,5,5,2,1,2,1,19,0,0,0
0,0,0,0,100,0,0,0,0,0,,,,0,0,0,0,4,12,,1,3,1,,7,,,,1,1,1,1,1,1,1,1,1,1,1,1,1,1,1,1,1,1,1,1,1,1,1,1,1,1,1,1,1,1,1,1,1,1,1,3,3,2,2,2,2,1,1,1,1,1,1,1,1,1,1,1,2,1,17,0,0,0
0,0,0,0,100,0,0,0,0,0,,,,0,0,0,0,4,11,,3,3,,,7,,,,3,3,3,4,3,3,3,3,3,3,3,3,2,3,3,4,1,3,3,3,3,3,3,3,4,3,3,3,3,3,3,15,4,3,3,3,3,1,1,1,1,1,3,3,4,4,4,4,4,4,1,1,1,1,15,0,0,0
0,0,0,0,100,0,0,0,0,0,,,,0,0,0,0,2,1,,1,2,3,,2,,6,,4,2,5,4,4,2,4,2,4,4,4,4,4,4,3,2,5,2,3,4,4,4,3,3,4,6,6,6,1,3,4,15,3,5,4,3,4,3,4,3,3,3,4,2,1,4,5,4,5,4,3,2,1,1,17,0,0,0
0,0,0,0,100,0,0,0,0,0,,,,0,0,0,0,4,14,,3,2,4,,7,,,,3,3,3,3,3,3,3,3,3,3,3,3,3,3,3,3,3,3,4,4,4,4,4,4,4,4,4,4,4,4,4,17,4,4,4,4,4,3,3,3,3,3,3,3,4,4,4,4,4,4,4,3,2,3,14,0,0,0
0,0,0,0,100,0,0,0,0,0,,,,0,0,0,0,3,8,,2,2,1,,3,,3,,3,2,4,4,1,3,4,4,3,4,2,4,4,3,4,4,4,3,5,3,4,5,5,4,5,5,5,4,4,5,4,16,4,6,5,4,4,3,4,4,4,4,4,4,6,5,5,5,4,5,3,1,3,1,19,0,0,0
0,0,0,0,100,0,0,0,0,0,,,,0,0,0,0,4,4,,3,2,1,,2,,6,,4,4,4,4,3,4,4,3,3,4,4,3,3,3,3,3,3,3,4,5,5,4,4,5,5,5,5,5,4,5,4,1,4,4,4,5,5,3,4,4,3,3,2,2,3,4,4,3,3,4,3,1,2,2,11,0,0,0
0,0,0,0,100,0,0,0,0,0,,,,0,0,0,0,4,8,,12,1,4,,4,,"2,4,7",,4,3,3,4,4,4,3,3,4,3,3,3,4,3,2,4,3,2,5,4,4,5,4,3,5,5,5,4,4,4,5,16,4,5,5,3,4,4,3,3,2,1,4,3,1,5,4,1,1,1,2,2,2,2,11,0,0,0
0,0,0,0,100,0,0,0,0,0,,,,0,0,0,0,4,8,,3,3,6,Produktion,7,,,,4,5,4,4,4,4,4,4,4,3,3,4,3,3,4,3,2,4,4,4,5,4,5,5,5,4,5,5,4,5,4,17,6,5,5,5,5,4,4,3,2,4,3,3,5,6,6,4,5,4,5,6,3,4,11,0,0,0
0,0,0,0,100,0,0,0,0,0,,,,0,0,0,0,4,4,,12,2,4,,4,,3,,2,2,3,3,3,3,2,3,3,3,2,3,3,3,3,2,3,3,3,4,4,3,4,3,4,4,3,3,4,4,4,15,4,4,4,4,4,2,2,3,3,3,3,3,3,3,3,3,4,3,3,3,3,2,17,0,0,0
0,0,0,0,100,0,0,0,0,0,,,,0,0,0,0,4,4,,2,2,1,,3,,"3,5,7",,3,3,3,3,3,3,3,3,3,3,3,3,3,3,3,3,3,3,4,4,4,4,4,4,4,4,4,4,4,4,4,16,4,4,4,4,4,3,3,3,3,3,3,3,4,4,4,4,4,4,3,3,2,2,12,0,0,0
0,0,0,0,100,0,0,0,0,0,,,,0,0,0,0,4,2,,2,2,5,,4,,4,,3,2,4,3,4,4,3,3,4,3,2,3,3,3,3,4,4,3,4,5,5,5,5,5,5,5,5,5,3,3,4,17,4,4,4,5,5,3,3,3,3,3,4,4,4,4,4,4,4,4,5,1,3,1,11,0,0,0
0,0,0,0,100,0,0,0,0,0,,,,0,0,0,0,4,10,,3,2,1,,7,,,,2,2,3,2,3,2,3,3,3,2,3,3,2,3,2,3,1,2,4,3,4,4,5,5,5,4,5,5,5,5,4,17,5,3,3,4,4,2,2,2,2,2,3,3,4,5,5,4,4,4,4,2,2,2,14,0,0,0
0,0,0,0,100,0,0,0,0,0,,,,0,0,0,0,3,6,,12,3,5,,7,,,,3,3,3,3,3,3,3,3,3,3,3,3,3,3,3,3,3,3,4,4,4,4,4,4,4,4,4,4,4,5,4,15,4,4,4,4,4,2,2,2,2,2,3,3,5,5,4,4,4,4,1,1,1,1,13,0,0,0
0,0,0,0,100,0,0,0,0,0,,,,0,0,0,0,4,8,,1,3,4,,7,,,,3,4,3,2,2,2,2,1,2,2,3,2,2,1,2,2,1,2,3,1,1,3,4,3,5,5,6,5,1,6,5,16,5,1,1,3,4,2,1,1,2,1,2,2,3,6,5,4,5,4,4,1,3,2,17,0,0,0
0,0,0,0,100,0,0,0,0,0,,,,0,0,0,0,4,8,,12,2,4,,2,,5,,3,5,3,4,3,4,4,4,4,4,5,4,5,3,3,4,3,5,5,6,5,6,6,5,6,6,6,6,5,6,5,17,6,6,5,5,5,3,4,2,1,3,4,4,3,6,5,5,6,5,4,2,3,1,19,0,0,0
0,0,0,0,100,0,0,0,0,0,,,,0,0,0,0,4,7,,12,1,4,,2,,"3,5,6,10",,5,5,4,5,4,5,5,4,5,5,5,4,4,5,5,4,5,5,5,6,6,5,6,5,4,5,6,4,5,6,6,16,5,6,6,5,5,5,4,5,4,5,4,5,5,6,6,5,6,6,5,6,4,4,19,0,0,0
0,0,0,0,100,0,0,0,0,0,,,,0,0,0,0,4,6,,1,3,,,7,,,,3,3,3,3,3,3,3,3,3,3,3,3,3,3,3,3,3,3,4,4,4,4,4,4,4,4,4,4,4,4,4,1,6,4,4,1,1,1,2,1,1,1,1,1,4,4,4,4,4,4,2,1,1,1,17,0,0,0
0,0,0,0,100,0,0,0,0,0,,,,0,0,0,0,2,6,,2,2,4,,3,,"3,7,10",,4,3,3,4,3,4,4,4,3,3,3,3,4,2,3,2,4,4,5,4,5,4,5,4,5,4,3,4,5,5,5,16,3,4,4,4,4,2,3,2,3,3,3,3,3,5,4,4,4,5,3,1,2,1,15,0,0,0
0,0,0,0,100,0,0,0,0,0,,,,0,0,0,0,2,11,,1,1,2,,2,,2,,2,1,2,1,2,1,1,3,2,1,2,4,4,5,4,3,4,4,5,6,5,5,4,4,5,5,4,4,4,5,5,15,4,5,5,5,5,3,3,3,5,4,2,3,5,4,4,5,5,4,1,2,2,2,14,0,0,0
0,0,0,0,100,0,0,0,0,0,,,,0,0,0,0,4,10,,1,3,2,,7,,,,3,3,3,3,3,3,3,3,3,3,3,3,3,3,3,3,3,3,4,4,4,5,5,4,5,5,5,5,4,4,4,15,5,3,4,4,5,2,2,2,2,2,3,3,5,5,3,3,4,4,5,2,2,2,17,0,0,0
0,0,0,0,100,0,0,0,0,0,,,,0,0,0,0,4,15,,2,2,5,,4,,"4,9",,4,4,4,4,5,4,5,5,4,4,5,4,4,4,4,4,4,5,6,5,6,6,5,5,5,6,6,5,6,5,5,17,5,5,6,6,5,4,4,5,5,4,4,5,5,6,6,5,6,5,5,6,5,4,15,0,0,0
0,0,0,0,100,0,0,0,0,0,,,,0,0,0,0,4,16,PR,3,3,4,,7,,,,4,4,3,3,3,3,3,3,3,4,4,3,2,3,3,3,1,4,3,3,4,4,4,1,5,5,5,3,3,3,3,1,3,3,3,3,3,3,4,1,1,1,3,3,5,6,5,1,4,4,2,1,2,1,10,0,0,0
0,0,0,0,100,0,0,0,0,0,,,,0,0,0,0,4,6,,2,3,4,,7,,,,3,3,3,3,3,3,3,3,3,3,3,3,3,3,3,3,3,3,4,4,4,5,4,4,4,4,4,4,4,4,4,1,5,4,4,4,4,3,3,3,3,3,3,3,4,4,4,4,4,4,4,1,1,1,17,0,0,0
0,0,0,0,100,0,0,0,0,0,,,,0,0,0,0,4,8,,3,3,6,keine ahnung,7,,,,3,3,3,3,3,3,3,3,3,3,3,3,3,3,3,3,3,3,4,4,4,5,4,4,5,4,5,4,4,4,4,16,5,4,4,4,5,3,3,3,3,3,3,3,4,4,4,4,4,4,2,2,4,2,11,0,0,0
0,0,0,0,100,0,0,0,0,0,,,,0,0,0,0,4,8,,3,3,4,,3,,"4,7",,4,4,4,5,3,2,4,4,4,4,4,4,3,3,2,3,3,3,4,5,4,5,4,5,1,3,4,4,4,4,4,17,4,4,5,4,3,2,2,2,2,2,3,3,1,3,3,3,1,1,2,6,2,1,11,0,0,0
0,0,0,0,100,0,0,0,0,0,,,,0,0,0,0,4,6,,2,3,6,Geschäftsleiter,7,,,,3,3,3,3,3,3,3,3,3,3,3,3,3,3,3,3,3,3,4,4,4,4,4,4,4,4,4,4,4,4,4,15,5,5,4,5,5,3,2,3,3,3,3,3,3,4,4,4,4,4,3,1,1,1,17,0,0,0
0,0,0,0,100,0,0,0,0,0,,,,0,0,0,0,4,10,,12,2,4,,7,,,,3,3,3,3,3,3,3,3,3,3,3,3,3,3,3,3,3,3,4,4,4,4,4,4,4,4,4,4,4,4,4,17,4,4,4,4,4,3,3,3,3,3,3,3,4,4,4,4,4,4,5,6,5,4,19,0,0,0
0,0,0,0,100,0,0,0,0,0,,,,0,0,0,0,4,2,,12,2,4,,3,,"2,3,4,5,6,7,9",,4,4,3,3,4,4,4,3,4,4,4,3,3,3,3,3,3,3,4,3,4,4,5,5,5,4,5,5,4,5,5,17,5,5,5,5,4,3,3,2,3,4,3,3,3,5,3,4,4,3,5,6,2,2,14,0,0,0
0,0,0,0,100,0,0,0,0,0,,,,0,0,0,0,4,4,,2,2,4,,3,,4,,4,4,4,4,4,4,5,4,3,4,4,3,4,3,4,3,4,4,5,3,4,5,5,4,4,4,5,5,4,5,5,15,5,5,5,4,5,3,4,3,3,3,3,3,4,5,4,4,4,4,1,1,1,1,17,0,0,0
0,0,0,0,100,0,0,0,0,0,,,,0,0,0,0,4,10,,2,2,1,,2,,7,,4,5,5,4,3,3,4,3,5,5,4,4,3,3,3,4,3,4,5,4,5,4,6,4,5,5,5,4,4,4,3,17,4,3,4,6,6,3,3,4,3,4,3,3,3,6,6,5,4,4,5,6,5,4,19,0,0,0
0,0,0,0,100,0,0,0,0,0,,,,0,0,0,0,1,2,,1,2,2,,2,,2,,1,2,1,1,2,3,1,4,2,2,2,2,2,2,1,1,1,1,1,3,1,1,1,3,3,3,3,4,1,3,3,15,1,3,1,3,3,1,1,2,3,3,2,3,4,4,4,4,4,4,2,2,1,1,13,0,0,0
0,0,0,0,100,0,0,0,0,0,,,,0,0,0,0,4,7,,3,3,5,,7,,,,3,3,2,3,2,2,2,2,3,3,2,3,3,3,3,3,2,2,3,3,3,4,5,5,4,4,5,5,5,4,5,16,4,4,4,4,5,4,4,3,4,3,4,4,4,5,4,5,5,4,5,3,1,1,14,0,0,0
0,0,0,0,100,0,0,0,0,0,,,,0,0,0,0,4,10,,2,2,2,,2,,3,,4,4,4,3,4,3,3,4,4,4,3,4,3,4,4,4,3,4,5,5,5,4,5,5,5,5,5,4,5,5,4,17,5,5,5,4,5,3,4,4,5,4,4,4,5,4,5,6,5,5,4,1,2,1,14,0,0,0
0,0,0,0,100,0,0,0,0,0,,,,0,0,0,0,4,15,,3,3,4,,7,,,,3,4,4,3,3,3,4,3,3,3,4,3,3,3,2,3,2,3,4,4,4,4,3,4,5,4,5,4,4,5,5,17,5,4,4,4,4,3,4,3,3,3,3,3,4,5,4,4,5,5,3,2,1,2,11,0,0,0
0,0,0,0,100,0,0,0,0,0,,,,0,0,0,0,4,5,,12,3,4,,3,,3,,3,3,3,3,4,4,2,2,3,2,3,4,4,4,4,4,4,4,5,5,5,4,4,4,5,3,3,4,3,4,3,1,5,5,5,4,4,2,2,3,2,4,4,4,5,5,5,5,5,5,1,1,1,1,11,0,0,0
0,0,0,0,100,0,0,0,0,0,,,,0,0,0,0,2,8,,2,1,4,,3,,9,,3,4,4,4,3,3,3,3,3,4,4,4,3,3,3,2,2,3,4,4,5,4,4,5,4,5,4,4,4,5,5,17,5,5,5,4,5,2,2,2,2,1,3,3,5,5,5,5,5,5,5,3,2,2,19,0,0,0
0,0,0,0,100,0,0,0,0,0,,,,0,0,0,0,4,4,,2,2,4,,5,,"3,6,10",,5,5,5,5,4,4,4,4,5,5,5,5,5,5,5,5,5,5,6,6,6,6,6,6,6,6,6,6,6,6,6,16,5,6,6,5,5,4,4,4,4,5,1,1,6,6,6,6,6,4,2,1,2,1,13,0,0,0
0,0,0,0,100,0,0,0,0,0,,,,0,0,0,0,4,14,,2,2,4,,5,,3,,3,4,4,2,4,3,4,4,5,5,5,4,4,4,3,4,2,3,5,5,5,5,5,5,6,5,4,4,5,4,5,17,5,5,5,4,6,3,2,4,4,1,3,3,3,6,6,5,6,4,4,6,4,4,11,0,0,0
0,0,0,0,100,0,0,0,0,0,,,,0,0,0,0,3,6,,2,2,5,,4,,7,,3,3,3,3,3,4,4,3,3,4,4,4,3,4,4,3,2,4,5,5,5,4,4,5,5,5,5,4,4,5,4,1,5,5,5,4,4,3,4,3,3,4,4,4,4,5,4,5,5,4,2,1,1,1,12,0,0,0
0,0,0,0,100,0,0,0,0,0,,,,0,0,0,0,4,6,,2,1,4,,7,,,,3,4,4,4,4,4,3,3,3,4,4,3,3,3,4,3,2,4,4,4,5,4,5,5,5,5,5,4,4,5,4,1,4,4,5,4,5,2,5,4,3,3,3,2,5,6,5,5,5,1,2,1,1,1,15,0,0,0
0,0,0,0,100,0,0,0,0,0,,,,0,0,0,0,2,10,,2,2,5,,4,,3,,4,5,4,4,4,5,4,4,3,4,4,4,4,5,4,4,5,4,5,4,5,4,5,4,4,5,4,5,5,5,4,16,5,5,4,5,4,3,4,4,4,4,4,5,5,6,5,5,6,6,3,1,1,1,12,0,0,0
0,0,0,0,100,0,0,0,0,0,,,,0,0,0,0,4,5,,2,3,,,7,,,,3,4,3,4,3,2,2,2,3,2,2,2,2,3,3,3,2,2,4,3,3,4,5,5,5,5,5,5,3,4,4,15,5,4,3,5,5,2,2,3,3,2,2,2,4,5,5,4,4,5,1,2,1,1,14,0,0,0
0,0,0,0,100,0,0,0,0,0,,,,0,0,0,0,4,7,,3,2,4,,7,,,,2,2,1,3,4,4,2,3,4,4,4,4,2,3,3,4,3,3,3,3,4,5,4,3,5,6,4,5,3,4,3,16,4,5,3,5,5,1,2,1,2,1,4,3,3,5,5,4,4,3,3,3,2,3,19,0,0,0
0,0,0,0,100,0,0,0,0,0,,,,0,0,0,0,4,4,,12,1,4,,7,,,,2,3,1,1,2,1,2,1,1,2,2,2,1,3,1,2,4,4,5,5,4,3,5,6,5,5,5,5,3,3,4,15,3,4,4,5,5,3,2,3,2,3,2,2,4,5,4,4,4,6,1,1,2,1,13,0,0,0
0,0,0,0,100,0,0,0,0,0,,,,0,0,0,0,4,4,,2,2,4,,7,,,,4,4,3,3,4,2,3,3,3,4,4,4,2,3,3,1,2,3,4,4,4,3,5,5,4,4,3,5,4,4,4,15,4,4,4,5,5,4,3,2,4,3,3,3,5,4,1,6,5,3,3,1,1,1,20,0,0,0
0,0,0,0,100,0,0,0,0,0,,,,0,0,0,0,4,2,,3,3,4,,7,,,,3,3,3,3,3,3,3,3,3,3,3,3,3,3,3,3,3,3,4,4,4,4,4,4,4,4,4,4,4,4,4,16,4,4,4,4,4,3,3,3,3,3,3,3,4,4,4,4,4,4,5,1,1,1,13,0,0,0
0,0,0,0,100,0,0,0,0,0,,,,0,0,0,0,4,12,,2,3,4,,7,,,,4,4,3,4,3,2,2,3,3,4,4,3,2,2,3,3,2,4,5,3,4,5,5,4,6,6,5,4,4,5,4,15,5,4,5,3,4,4,2,4,3,3,3,4,3,5,6,3,5,3,5,1,2,1,14,0,0,0
0,0,0,0,100,0,0,0,0,0,,,,0,0,0,0,4,6,,3,3,4,,7,,,,3,3,4,3,3,3,2,2,3,2,3,3,2,2,2,2,1,2,3,3,3,3,4,4,5,5,4,4,3,4,5,15,3,3,3,5,4,1,1,1,1,1,4,4,3,5,5,4,5,3,1,1,1,2,11,0,0,0
0,0,0,0,100,0,0,0,0,0,,,,0,0,0,0,3,4,,2,2,4,,3,,"3,9,10",,2,4,5,4,5,4,4,4,3,3,5,4,3,4,5,5,5,4,5,5,5,5,4,5,4,5,6,4,5,6,6,16,5,4,5,5,5,4,5,4,4,2,2,3,3,5,5,4,5,4,2,2,3,1,13,0,0,0
0,0,0,0,100,0,0,0,0,0,,,,0,0,0,0,4,6,,2,3,6,Schwimmbad,7,,,,3,3,3,4,3,3,4,3,3,3,3,3,3,3,3,3,3,3,4,4,4,4,4,4,4,5,4,4,4,4,4,16,4,4,4,4,4,3,4,3,3,3,3,3,4,4,4,4,4,4,1,1,1,1,15,0,0,0
0,0,0,0,100,0,0,0,0,0,,,,0,0,0,0,3,2,,2,2,4,,2,,4,,4,4,4,3,3,2,3,3,3,3,3,3,3,2,2,3,3,3,4,3,4,4,4,4,6,4,5,4,4,4,4,16,5,4,5,5,4,2,2,2,2,3,4,4,3,6,4,3,5,4,2,1,2,1,13,0,0,0
0,0,0,0,100,0,0,0,0,0,,,,0,0,0,0,4,16,Medien ,3,3,4,,7,,,,3,3,3,3,3,3,3,3,3,3,3,3,3,3,3,3,1,3,4,4,4,5,5,5,3,3,5,4,4,4,4,17,4,4,4,5,5,3,3,3,3,3,3,3,5,5,4,5,5,3,5,1,2,1,11,0,0,0
0,0,0,0,100,0,0,0,0,0,,,,0,0,0,0,4,11,,3,3,4,,7,,,,3,3,4,4,3,3,4,4,3,3,3,3,4,4,4,4,3,4,4,4,4,3,3,3,3,3,5,3,3,4,3,17,4,5,4,4,5,3,4,4,3,4,4,4,5,5,5,5,6,5,5,6,5,2,11,0,0,0
0,0,0,0,100,0,0,0,0,0,,,,0,0,0,0,4,14,,2,2,4,,2,,3,,4,4,4,4,3,3,3,3,4,4,4,4,4,3,3,3,4,4,5,5,4,5,4,4,4,5,5,5,5,5,4,16,5,5,5,4,4,3,4,4,3,4,4,4,4,5,5,5,5,5,5,3,3,2,11,0,0,0
0,0,0,0,100,0,0,0,0,0,,,,0,0,0,0,3,15,,1,1,1,,3,,4,,3,4,4,4,4,5,5,5,4,5,5,5,4,5,5,4,5,5,5,6,6,5,6,6,5,6,5,6,6,6,6,16,5,6,6,5,6,4,5,5,5,5,4,5,5,5,6,6,6,6,4,3,3,3,19,0,0,0
0,0,0,0,100,0,0,0,0,0,,,,0,0,0,0,4,12,,12,1,4,,4,,3,,4,5,4,5,4,4,4,4,4,4,4,4,4,4,4,4,5,5,5,5,5,5,5,6,6,6,5,5,5,5,5,1,5,6,5,5,5,3,5,4,4,3,4,4,5,5,5,5,6,4,1,1,2,1,17,0,0,0
0,0,0,0,100,0,0,0,0,0,,,,0,0,0,0,4,16,Kultur,1,2,1,,7,,,,1,1,1,1,1,1,1,1,1,1,1,1,1,1,1,1,1,1,1,1,1,4,4,4,4,4,4,4,4,4,4,1,4,4,4,4,4,3,3,3,3,3,3,3,4,4,4,4,4,4,1,1,1,1,17,0,0,0
0,0,0,0,100,0,0,0,0,0,,,,0,0,0,0,4,8,,3,2,5,,2,,"2,4",,3,4,2,4,2,4,2,4,3,3,4,2,3,3,3,4,2,3,5,4,5,4,5,3,4,5,3,4,5,4,4,17,4,3,5,5,3,2,4,2,4,2,2,3,3,3,4,6,3,4,4,2,4,2,19,0,0,0
0,0,0,0,100,0,0,0,0,0,,,,0,0,0,0,4,14,,3,3,4,,2,,6,,4,4,3,4,3,4,4,4,4,4,3,4,4,4,4,5,3,4,5,4,5,5,5,5,6,6,6,6,3,5,5,17,6,4,5,6,4,4,4,3,5,3,4,5,6,6,6,6,6,3,5,3,2,1,11,0,0,0
0,0,0,0,100,0,0,0,0,0,,,,0,0,0,0,4,11,,2,2,4,,7,,,,3,4,4,4,3,3,2,3,3,2,3,3,1,3,3,3,3,2,4,4,4,1,3,3,3,3,1,3,1,1,1,17,4,4,1,1,1,2,2,2,1,2,4,2,4,4,4,3,3,4,3,1,2,1,15,0,0,0
0,0,0,0,100,0,0,0,0,0,,,,0,0,0,0,4,6,,2,3,4,,7,,,,3,3,3,3,3,3,3,3,3,3,3,3,3,3,3,3,3,3,4,4,4,4,4,4,4,4,4,4,4,4,4,17,4,4,4,3,3,2,2,2,2,2,2,2,4,4,4,4,4,4,1,1,1,1,10,0,0,0
0,0,0,0,100,0,0,0,0,0,,,,0,0,0,0,4,6,,2,2,1,,3,,9,,5,4,4,4,4,4,4,4,5,5,4,5,5,4,4,4,4,4,5,5,5,5,5,6,6,6,5,5,5,5,5,17,4,4,5,6,5,5,4,4,4,5,3,3,5,5,6,6,6,6,5,3,4,2,17,0,0,0
0,0,0,0,100,0,0,0,0,0,,,,0,0,0,0,3,4,,1,3,4,,7,,,,3,3,3,3,3,3,3,3,3,3,3,3,3,3,3,3,3,3,4,4,4,4,4,4,4,4,4,4,4,4,4,15,4,4,4,4,4,3,3,3,3,3,3,3,4,4,4,4,4,4,2,3,2,2,17,0,0,0
0,0,0,0,100,0,0,0,0,0,,,,0,0,0,0,4,2,,2,1,2,,2,,6,,4,5,5,4,4,4,5,5,5,4,5,5,5,4,4,5,4,4,6,6,6,5,4,6,5,5,4,5,6,6,5,15,6,6,6,6,5,5,4,4,4,5,5,5,6,5,5,6,6,6,1,2,2,2,13,0,0,0
0,0,0,0,100,0,0,0,0,0,,,,0,0,0,0,4,2,,12,2,1,,5,,"5,7,9,10",,4,5,4,4,3,5,4,4,3,4,4,5,5,4,4,4,5,4,5,6,5,5,5,6,6,5,6,5,5,6,5,16,6,5,5,5,6,4,4,5,4,5,4,4,5,5,6,4,5,5,3,2,4,2,19,0,0,0
0,0,0,0,100,0,0,0,0,0,,,,0,0,0,0,4,6,,12,1,3,,4,,"3,6,9",,4,4,4,4,3,3,4,4,4,4,3,2,3,2,2,4,4,4,4,5,5,5,4,4,4,4,6,5,5,4,5,16,4,4,5,5,5,2,2,2,2,1,2,3,3,4,3,3,5,5,5,1,2,1,12,0,0,0
0,0,0,0,100,0,0,0,0,0,,,,0,0,0,0,4,14,,2,2,6,Nutzer,7,,,,5,2,5,5,5,5,1,4,4,4,5,3,3,4,4,5,2,3,5,3,6,6,6,6,6,6,5,4,5,6,5,17,6,5,6,6,6,4,3,1,5,2,1,1,3,6,6,3,5,5,5,1,3,1,15,0,0,0
0,0,0,0,100,0,0,0,0,0,,,,0,0,0,0,3,10,,1,2,5,,7,,,,2,3,3,3,4,4,2,3,3,3,4,4,4,4,3,4,2,4,4,5,5,5,5,5,5,5,5,5,5,5,5,15,6,6,6,5,4,2,3,2,2,1,5,5,3,4,5,1,6,5,1,1,1,1,17,0,0,0
0,0,0,0,100,0,0,0,0,0,,,,0,0,0,0,3,11,,1,2,5,,2,,2,,4,4,5,5,4,3,4,5,4,4,4,5,3,5,5,4,4,5,6,6,5,5,6,6,6,4,5,5,5,6,6,15,5,6,6,5,6,4,5,5,4,4,3,4,5,6,6,5,5,4,1,1,1,1,17,0,0,0
0,0,0,0,100,0,0,0,0,0,,,,0,0,0,0,4,5,,2,3,4,,7,,,,3,3,3,3,3,3,3,3,3,3,3,3,3,3,3,3,3,3,1,1,1,5,5,5,5,5,5,5,4,5,5,17,6,5,4,5,5,2,2,2,2,2,3,3,3,5,5,1,4,1,5,1,1,1,14,0,0,0
0,0,0,0,100,0,0,0,0,0,,,,0,0,0,0,2,6,,2,3,4,,2,,3,,3,3,3,3,2,2,2,3,2,3,3,3,4,3,2,3,2,2,4,4,4,4,4,5,4,4,3,3,3,4,3,15,3,4,4,4,4,3,3,3,3,3,4,4,3,3,4,3,4,1,2,1,1,2,15,0,0,0
0,0,0,0,100,0,0,0,0,0,,,,0,0,0,0,4,12,,1,3,4,,7,,,,3,3,3,3,3,3,3,3,3,3,3,3,3,3,3,3,3,3,4,4,4,4,4,4,4,4,4,4,4,4,4,15,4,4,4,4,4,3,3,3,3,3,3,3,1,5,5,4,3,1,5,1,1,1,14,0,0,0
0,0,0,0,100,0,0,0,0,0,,,,0,0,0,0,4,6,,2,2,5,,2,,9,,3,3,3,3,3,3,3,3,3,3,3,3,3,3,3,3,3,3,4,4,4,5,4,4,4,5,4,4,5,5,4,15,5,5,5,5,5,3,3,3,3,3,4,4,3,4,3,4,4,1,4,1,1,1,15,0,0,0
0,0,0,0,100,0,0,0,0,0,,,,0,0,0,0,4,4,,1,3,6,keine Ahnung,7,,,,3,3,3,3,3,3,3,3,3,3,3,3,3,3,3,3,3,3,4,4,4,4,4,4,4,4,4,4,4,4,4,1,6,1,1,4,5,3,3,3,3,3,3,3,3,6,6,1,1,1,1,1,2,1,17,0,0,0
0,0,0,0,100,0,0,0,0,0,,,,0,0,0,0,4,12,,1,3,6,Inhaber,7,,,,3,3,3,3,2,2,2,2,3,2,2,2,2,2,2,3,3,3,3,3,3,3,3,3,3,3,3,3,3,3,3,1,4,4,4,3,3,1,1,1,1,1,3,3,3,5,5,3,3,1,1,1,1,1,14,0,0,0
0,0,0,0,100,0,0,0,0,0,,,,0,0,0,0,4,6,,2,2,4,,2,,"4,7",,3,4,3,4,3,4,4,3,3,3,4,4,3,3,3,4,3,4,5,4,5,4,5,5,5,5,5,5,4,4,5,16,4,4,5,4,5,3,4,3,3,2,3,4,4,5,3,4,5,5,3,2,2,2,15,0,0,0
0,0,0,0,100,0,0,0,0,0,,,,0,0,0,0,3,4,,12,2,5,,7,,,,4,4,4,4,3,3,4,4,3,4,4,3,3,3,3,3,2,3,5,4,4,4,4,5,5,5,5,5,5,5,4,1,4,4,5,5,5,3,3,3,3,3,3,3,5,5,4,3,4,3,3,1,1,1,14,0,0,0
0,0,0,0,100,0,0,0,0,0,,,,0,0,0,0,4,14,,3,3,4,,7,,,,4,4,2,3,2,3,3,2,3,3,3,2,2,2,2,4,2,3,4,4,4,3,5,5,5,5,5,5,3,5,5,17,3,3,3,5,3,2,2,2,2,2,2,2,5,5,5,3,5,3,5,1,4,1,10,0,0,0
0,0,0,0,100,0,0,0,0,0,,,,0,0,0,0,4,7,,2,1,4,,2,,"2,4",,4,4,4,3,4,4,5,5,4,4,4,5,3,3,5,5,5,5,6,5,5,5,6,6,6,6,6,6,6,6,6,17,5,5,6,6,6,3,4,1,1,4,3,4,4,6,5,1,5,4,5,6,5,4,13,0,0,0
0,0,0,0,100,0,0,0,0,0,,,,0,0,0,0,4,15,,3,3,4,,4,,"6,7",,3,3,3,4,4,4,2,4,4,4,4,4,4,3,3,4,4,4,4,4,4,6,5,5,6,3,5,5,5,5,5,17,6,5,5,5,5,4,2,2,4,3,3,2,4,6,6,4,5,3,4,3,4,3,13,0,0,0
0,0,0,0,100,0,0,0,0,0,,,,0,0,0,0,4,16,Kultur,2,2,4,,7,,,,3,4,4,4,3,4,4,4,2,3,2,3,1,3,2,1,3,3,3,4,3,1,1,3,1,4,1,1,3,1,4,16,3,1,1,4,3,1,4,3,3,3,3,3,3,5,4,6,3,3,1,1,1,1,10,0,0,0
0,0,0,0,100,0,0,0,0,0,,,,0,0,0,0,4,3,,3,2,1,,5,,2,,4,3,3,4,2,3,4,5,4,3,4,5,5,3,4,4,4,3,5,5,5,5,5,4,5,5,5,5,6,6,5,15,4,4,5,4,4,4,2,2,2,1,2,3,1,5,5,4,5,3,2,1,1,1,12,0,0,0
0,0,0,0,100,0,0,0,0,0,,,,0,0,0,0,4,15,,12,2,4,,3,,6,,3,3,3,3,3,3,3,3,3,4,2,3,3,4,3,2,3,3,4,5,4,4,5,5,5,4,4,5,5,5,5,17,4,4,4,5,5,3,3,4,4,3,4,4,5,5,4,4,4,5,5,2,2,3,19,0,0,0
0,0,0,0,100,0,0,0,0,0,,,,0,0,0,0,4,5,,3,2,4,,7,,,,3,3,2,3,3,3,3,3,3,3,2,3,3,4,3,3,3,3,4,4,4,3,4,4,5,3,4,5,4,4,5,15,3,3,4,4,4,3,3,2,3,3,2,3,4,5,5,4,4,3,1,1,2,1,11,0,0,0
0,0,0,0,100,0,0,0,0,0,,,,0,0,0,0,3,11,,2,1,4,,7,,,,3,3,4,2,2,2,1,2,3,2,2,2,1,2,3,2,4,2,3,5,4,4,5,5,6,4,5,4,4,5,4,16,6,5,3,4,4,1,1,1,3,1,3,4,4,4,4,4,4,4,3,1,3,1,19,0,0,0
0,0,0,0,100,0,0,0,0,0,,,,0,0,0,0,4,5,,3,3,6,,7,,,,3,3,3,3,3,3,3,3,3,3,3,3,3,3,3,3,3,3,4,4,4,4,4,4,4,4,4,4,4,4,4,17,4,4,4,4,4,3,3,3,3,3,3,3,4,4,4,4,4,4,4,6,4,3,19,0,0,0
0,0,0,0,100,0,0,0,0,0,,,,0,0,0,0,4,6,,2,3,3,,2,,9,,3,3,3,3,3,3,3,4,3,3,3,3,3,3,3,3,3,3,4,4,4,4,4,4,4,4,4,4,4,4,4,1,5,5,5,4,4,3,3,3,3,3,3,3,4,5,4,4,4,4,2,1,1,1,15,0,0,0
0,0,0,0,100,0,0,0,0,0,,,,0,0,0,0,2,10,,2,2,4,,3,,7,,4,5,5,4,4,3,4,5,4,5,5,4,4,5,5,4,5,5,5,6,5,5,6,6,5,4,5,6,6,5,5,15,5,6,6,5,6,4,5,5,4,3,4,5,6,5,6,5,5,4,5,6,5,4,11,0,0,0
0,0,0,0,100,0,0,0,0,0,,,,0,0,0,0,4,7,,2,2,1,,7,,,,3,4,4,4,3,3,4,3,3,4,4,4,3,3,2,3,1,3,3,3,3,5,5,5,6,5,6,5,5,6,4,15,5,6,4,5,5,2,3,1,2,3,2,3,3,5,5,4,5,5,2,1,2,1,19,0,0,0
0,0,0,0,100,0,0,0,0,0,,,,0,0,0,0,4,8,,3,3,4,,7,,,,3,3,3,3,3,3,3,3,3,3,3,3,3,3,3,3,3,3,4,4,4,5,5,5,6,5,5,5,5,4,5,17,5,4,4,4,4,2,2,2,2,2,3,3,5,5,5,5,5,5,3,3,4,3,11,0,0,0
0,0,0,0,100,0,0,0,0,0,,,,0,0,0,0,2,7,,3,2,1,,7,,,,3,3,3,3,3,3,3,3,3,3,3,3,3,3,3,3,3,3,4,4,4,5,4,5,6,5,5,5,4,5,5,15,6,4,4,5,5,1,1,1,1,1,3,3,3,5,4,3,4,4,3,1,1,1,19,0,0,0
0,0,0,0,100,0,0,0,0,0,,,,0,0,0,0,1,4,,2,2,4,,7,,,,3,2,4,2,3,4,4,2,3,3,4,2,4,2,5,2,3,4,1,3,5,3,4,5,3,3,5,3,5,3,4,17,3,4,5,4,5,3,4,4,2,3,4,2,4,4,5,3,4,4,5,1,4,1,17,0,0,0
0,0,0,0,100,0,0,0,0,0,,,,0,0,0,0,4,10,,2,3,5,,7,,,,3,4,4,3,2,3,4,4,2,2,2,1,1,2,1,1,1,1,1,1,1,1,1,4,5,1,1,4,1,1,3,17,4,3,3,5,5,1,1,1,1,1,4,4,1,4,4,4,1,1,5,1,1,1,11,0,0,0
0,0,0,0,100,0,0,0,0,0,,,,0,0,0,0,4,2,,2,2,4,,7,,,,3,3,4,3,3,3,3,3,3,3,4,4,3,3,3,4,3,4,4,4,4,4,5,5,5,4,4,4,4,4,5,16,4,5,4,4,4,3,4,3,3,3,4,4,4,4,4,4,5,4,4,1,1,1,13,0,0,0
0,0,0,0,100,0,0,0,0,0,,,,0,0,0,0,4,5,,2,3,4,,6,2,3,,3,4,3,3,3,3,3,3,3,3,3,3,3,3,3,3,3,3,4,4,4,4,4,4,4,4,4,4,4,4,4,15,4,4,4,4,4,3,3,3,3,3,3,3,4,4,4,4,4,4,3,1,1,1,14,0,0,0
0,0,0,0,100,0,0,0,0,0,,,,0,0,0,0,4,15,,3,1,4,,2,,6,,3,3,3,4,3,3,3,3,4,4,4,4,4,4,2,3,3,3,5,5,5,3,3,5,5,5,5,5,5,4,4,16,5,5,5,4,4,2,3,3,3,3,4,4,4,4,4,5,5,5,3,2,3,2,16,0,0,0
0,0,0,0,100,0,0,0,0,0,,,,0,0,0,0,4,2,,2,2,6,Senior Underwriter,3,,7,,3,3,3,3,4,4,4,4,3,3,3,3,4,3,4,2,2,2,3,3,3,4,4,4,4,3,5,4,5,4,4,17,3,4,4,3,3,3,3,2,2,2,2,2,3,3,3,3,5,3,5,1,2,1,11,0,0,0
0,0,0,0,100,0,0,0,0,0,,,,0,0,0,0,4,6,,12,2,1,,5,,"4,6,9",,4,3,4,4,3,4,4,5,3,4,4,3,4,3,4,4,4,5,4,5,6,5,5,4,5,5,4,5,5,5,4,16,5,5,4,5,6,4,3,4,4,3,4,4,4,4,5,5,4,5,4,3,3,3,17,0,0,0
0,0,0,0,100,0,0,0,0,0,,,,0,0,0,0,3,6,,2,1,2,,2,,"2,5,6",,1,4,4,4,4,4,5,3,4,4,5,4,4,4,3,3,5,5,5,5,5,5,5,6,6,5,5,5,5,6,6,17,5,5,4,6,6,3,4,5,5,4,4,4,6,5,5,5,4,4,5,6,5,3,15,0,0,0
0,0,0,0,100,0,0,0,0,0,,,,0,0,0,0,4,7,,12,2,4,,4,,4,,4,4,3,3,3,3,4,4,3,3,1,2,2,2,2,2,2,2,3,5,3,3,4,4,3,3,3,3,3,3,3,15,3,3,3,3,3,3,3,3,3,3,3,3,5,5,4,4,3,4,2,2,1,1,19,0,0,0
0,0,0,0,100,0,0,0,0,0,,,,0,0,0,0,4,1,,3,3,4,,7,,,,3,2,1,2,3,3,3,3,2,3,3,3,2,2,2,4,2,4,4,4,4,5,4,3,3,3,5,5,3,4,4,17,4,3,3,4,5,2,1,2,1,1,4,4,4,6,5,6,5,4,5,6,4,3,15,0,0,0
0,0,0,0,100,0,0,0,0,0,,,,0,0,0,0,4,16,Erwachsenenbildung,3,3,6,Wissenvermittlung,7,,,,3,3,4,4,2,2,2,2,2,3,2,2,1,1,1,2,1,2,1,1,1,3,3,3,1,1,1,1,1,1,5,1,1,1,1,1,4,1,1,1,1,1,5,5,4,4,4,4,4,4,2,1,1,1,11,0,0,0
0,0,0,0,100,0,0,0,0,0,,,,0,0,0,0,3,3,,2,2,3,,3,,"4,9",,3,4,4,3,4,4,3,2,3,4,2,3,3,3,2,2,3,3,5,5,6,5,5,4,6,5,4,4,4,3,5,16,5,5,5,4,5,3,4,3,3,3,4,4,3,4,4,5,5,4,4,2,2,2,12,0,0,0
0,0,0,0,100,0,0,0,0,0,,,,0,0,0,0,4,12,,1,3,6,?,7,,,,3,3,3,3,3,3,3,3,3,3,3,3,3,3,3,3,3,3,4,4,4,4,4,4,4,4,4,4,4,4,4,1,6,4,4,3,3,1,1,1,1,1,3,3,4,4,4,4,4,4,3,1,2,1,14,0,0,0
0,0,0,0,100,0,0,0,0,0,,,,0,0,0,0,4,12,,1,2,4,,7,,,,3,3,3,3,3,3,3,3,3,3,3,3,3,3,3,3,3,3,4,4,4,4,4,4,4,4,4,4,4,4,4,1,4,4,4,4,4,3,3,3,3,3,3,3,4,4,4,4,4,4,5,1,1,1,14,0,0,0
0,0,0,0,100,0,0,0,0,0,,,,0,0,0,0,4,12,,2,2,4,,7,,,,3,4,3,3,2,2,3,2,3,1,2,1,1,2,1,2,1,2,3,4,3,3,3,3,4,5,3,1,3,3,1,15,4,3,1,1,4,3,3,3,3,2,4,4,3,3,4,4,4,4,3,1,2,1,19,0,0,0
0,0,0,0,100,0,0,0,0,0,,,,0,0,0,0,4,11,,3,3,4,,7,,,,3,3,3,3,3,3,3,3,3,3,3,3,3,3,3,3,3,3,4,4,4,4,4,4,4,4,4,4,4,4,4,17,4,4,4,1,1,3,3,3,3,3,3,3,4,5,4,5,4,4,3,1,3,1,11,0,0,0
0,0,0,0,100,0,0,0,0,0,,,,0,0,0,0,4,10,,2,1,4,,3,,"2,4,6,7",,3,3,3,4,4,4,3,4,5,3,4,4,4,4,3,4,4,3,5,4,4,5,5,4,6,5,5,4,5,5,5,16,5,4,5,5,5,3,2,4,3,4,2,4,5,4,5,5,3,3,3,2,4,2,19,0,0,0
0,0,0,0,100,0,0,0,0,0,,,,0,0,0,0,4,11,,2,3,4,,7,,,,3,4,4,1,4,4,2,4,3,4,4,4,3,3,3,3,2,2,5,5,4,5,4,3,5,4,4,4,3,3,1,17,4,3,3,4,1,1,1,1,4,1,3,3,1,4,4,5,5,1,1,1,4,1,13,0,0,0
0,0,0,0,100,0,0,0,0,0,,,,0,0,0,0,4,6,,3,3,6,Behindertensport,7,,,,3,3,3,3,3,3,3,3,3,3,3,3,3,3,3,3,3,3,4,4,4,4,4,4,4,4,4,4,4,4,4,1,5,4,1,4,4,3,3,3,3,3,3,3,4,4,4,4,4,4,3,1,1,1,15,0,0,0
0,0,0,0,100,0,0,0,0,0,,,,0,0,0,0,4,6,,3,3,4,,7,,,,1,1,1,1,1,1,1,1,1,1,1,1,1,1,1,1,1,1,1,1,1,1,1,1,1,1,1,1,1,1,1,17,1,1,1,4,4,2,3,2,4,2,3,3,1,4,4,4,4,4,2,1,2,1,11,0,0,0
0,0,0,0,100,0,0,0,0,0,,,,0,0,0,0,4,2,,3,3,4,,7,,,,4,4,3,3,3,3,4,3,2,2,2,2,1,2,3,3,1,3,3,3,3,1,3,4,4,4,4,5,3,5,3,17,5,3,3,1,5,2,2,1,1,1,3,4,4,6,6,6,5,5,3,1,3,1,11,0,0,0
0,0,0,0,100,0,0,0,0,0,,,,0,0,0,0,4,16,dienstleistung,2,2,6,ein dienst für Kryptowährung wie Bitcoin,7,,,,4,2,4,4,4,4,3,3,3,3,3,3,3,3,3,4,4,4,5,5,5,4,4,4,4,4,4,4,4,4,4,15,4,4,4,4,4,2,2,2,2,2,3,3,4,4,4,4,4,4,2,1,1,1,10,0,0,0
0,0,0,0,100,0,0,0,0,0,,,,0,0,0,0,4,10,,2,3,5,,7,,,,4,4,4,3,2,2,3,3,3,3,3,3,3,3,3,3,3,3,4,4,4,6,6,6,6,5,6,6,6,6,6,17,5,4,4,5,5,3,4,2,2,3,3,3,3,6,6,4,5,5,5,6,5,4,17,0,0,0
0,0,0,0,100,0,0,0,0,0,,,,0,0,0,0,3,8,,2,3,3,,6,1,11,,3,3,3,3,2,3,3,3,3,3,3,3,2,3,3,2,3,3,4,4,4,4,4,4,4,4,4,4,4,4,4,15,4,4,3,3,3,3,3,3,3,3,3,3,3,3,4,4,4,4,4,1,4,1,17,0,0,0
0,0,0,0,100,0,0,0,0,0,,,,0,0,0,0,3,8,,2,2,4,,2,,11,,4,4,4,3,3,3,4,2,3,2,3,4,2,3,3,2,3,4,5,4,4,5,4,5,5,4,5,5,4,3,4,16,5,5,4,4,5,3,2,3,2,2,3,4,4,5,5,4,5,4,2,2,2,2,11,0,0,0
0,0,0,0,100,0,0,0,0,0,,,,0,0,0,0,4,15,,2,3,4,,7,,,,3,4,4,2,3,2,3,2,4,5,4,4,1,2,2,3,1,4,1,1,4,5,6,6,6,5,6,5,4,5,6,16,6,5,4,6,6,1,1,1,2,1,5,3,3,6,6,3,6,5,4,1,2,1,11,0,0,0
0,0,0,0,100,0,0,0,0,0,,,,0,0,0,0,4,8,,2,2,2,,7,,,,4,3,2,4,4,4,4,4,4,3,3,2,1,3,4,4,3,4,4,3,5,5,1,3,4,3,5,3,3,4,4,16,6,3,3,4,4,2,1,2,1,1,2,4,1,6,4,5,3,1,4,1,1,1,13,0,0,0
0,0,0,0,100,0,0,0,0,0,,,,0,0,0,0,4,11,,2,2,2,,7,,,,4,4,4,5,4,5,5,4,5,4,5,4,5,4,4,4,5,4,5,5,6,5,5,5,5,6,4,4,6,5,5,17,5,5,4,4,5,4,4,5,4,3,4,3,5,5,5,3,5,5,3,3,4,4,11,0,0,0
0,0,0,0,100,0,0,0,0,0,,,,0,0,0,0,4,5,,3,3,6,Macher,7,,,,2,2,2,2,2,2,2,2,2,2,2,2,2,2,2,2,2,2,3,3,3,3,3,3,3,3,3,3,3,3,3,15,3,3,3,6,5,1,1,1,1,1,4,4,1,5,5,4,5,3,4,2,2,2,13,0,0,0
0,0,0,0,100,0,0,0,0,0,,,,0,0,0,0,4,10,,2,2,,,7,,,,3,3,3,3,3,3,3,3,3,3,3,3,3,3,3,3,3,3,4,4,4,4,4,4,4,4,4,4,4,4,4,16,4,4,4,4,4,3,3,3,3,3,3,3,4,4,4,4,4,4,3,1,2,2,16,0,0,0
0,0,0,0,100,0,0,0,0,0,,,,0,0,0,0,4,11,,2,2,4,,2,,9,,3,4,5,5,4,3,3,4,3,4,4,5,4,4,3,3,4,3,4,4,5,4,4,5,5,6,5,5,4,4,5,15,5,5,5,4,5,3,2,2,3,4,3,4,4,3,3,4,4,5,4,1,2,1,11,0,0,0
0,0,0,0,100,0,0,0,0,0,,,,0,0,0,0,4,4,,2,2,4,,5,,10,,2,3,4,4,4,4,4,4,3,3,4,4,3,3,2,4,4,4,5,5,5,5,5,5,5,5,4,4,5,5,5,17,5,5,5,5,5,2,2,2,2,2,4,4,3,3,3,3,3,3,4,3,2,2,15,0,0,0
0,0,0,0,100,0,0,0,0,0,,,,0,0,0,0,3,8,,1,2,1,,2,,"2,3,5,6,7,9,10",,5,5,5,5,5,5,5,5,5,5,5,5,5,5,5,5,5,5,6,6,6,6,6,6,6,6,6,6,6,6,6,15,6,6,6,6,6,5,5,5,5,5,1,1,6,6,6,6,6,6,2,2,2,2,17,0,0,0
0,0,0,0,100,0,0,0,0,0,,,,0,0,0,0,2,13,,12,2,3,,2,,2,,3,3,4,4,3,4,4,4,4,4,4,4,3,4,4,5,4,2,4,5,5,5,5,5,5,4,4,5,5,5,5,17,5,5,5,4,5,4,5,5,3,3,3,4,4,5,5,4,4,3,4,6,3,4,15,0,0,0
0,0,0,0,100,0,0,0,0,0,,,,0,0,0,0,4,12,,3,2,4,,6,4,3,,3,4,4,3,3,3,2,3,3,4,3,3,4,3,4,3,3,3,4,5,5,4,4,5,5,4,5,4,5,5,4,16,5,4,4,5,5,3,3,3,2,2,3,2,4,5,5,3,4,1,4,2,4,2,13,0,0,0
0,0,0,0,100,0,0,0,0,0,,,,0,0,0,0,4,10,,3,3,1,,7,,,,3,4,4,4,3,4,4,4,4,4,4,4,2,2,3,3,3,3,5,4,4,4,5,5,5,6,5,4,5,5,5,16,5,4,5,4,5,4,3,2,2,1,3,3,4,5,5,4,5,3,3,6,2,3,10,0,0,0
0,0,0,0,100,0,0,0,0,0,,,,0,0,0,0,4,8,,3,2,4,,2,,"2,9",,3,4,4,4,4,3,4,4,4,5,4,4,5,4,4,4,2,4,5,4,5,5,5,6,6,5,6,5,5,6,6,17,5,5,5,5,6,3,4,3,2,3,3,4,5,6,5,5,5,6,5,6,5,4,19,0,0,0
0,0,0,0,100,0,0,0,0,0,,,,0,0,0,0,4,12,,2,2,4,,2,,"3,4,7",,4,3,4,4,3,4,4,4,4,3,4,3,4,3,3,3,4,4,5,5,5,5,5,4,6,5,6,4,6,5,5,17,5,5,5,5,5,4,3,4,4,4,5,4,6,5,5,6,5,5,3,1,2,1,13,0,0,0
0,0,0,0,100,0,0,0,0,0,,,,0,0,0,0,3,8,,12,2,1,,5,,2,,1,2,1,2,1,2,1,1,1,1,2,3,2,1,1,2,1,1,3,1,1,1,1,3,1,1,4,3,1,3,1,17,1,3,1,1,1,2,1,2,1,1,2,1,1,3,1,1,3,3,4,6,4,2,17,0,0,0
0,0,0,0,100,0,0,0,0,0,,,,0,0,0,0,4,12,,2,3,6,Einzelhandel/Mode,7,,,,4,3,2,4,3,3,3,3,3,3,3,2,3,3,3,4,1,4,3,1,4,4,5,4,3,3,5,4,5,4,4,17,4,3,4,3,4,3,3,3,3,3,3,3,1,5,4,1,4,1,1,3,1,1,14,0,0,0
0,0,0,0,100,0,0,0,0,0,,,,0,0,0,0,4,13,,2,1,3,,5,,"2,7,9",,4,4,4,4,5,5,4,4,5,4,3,4,5,4,3,4,3,5,4,5,5,5,5,5,5,6,6,6,4,4,5,17,5,4,5,5,6,4,3,3,1,2,5,3,5,5,4,5,5,6,2,1,2,2,12,0,0,0
0,0,0,0,100,0,0,0,0,0,,,,0,0,0,0,3,8,,2,2,4,,7,,,,4,4,4,4,4,4,4,4,4,4,4,4,4,4,4,4,4,4,5,5,5,5,5,5,5,5,5,5,5,5,5,16,4,3,3,5,4,1,1,1,1,1,3,3,5,3,4,5,3,1,2,1,4,1,16,0,0,0
0,0,0,0,100,0,0,0,0,0,,,,0,0,0,0,4,12,,3,3,5,,3,,4,,4,3,4,4,4,3,4,4,3,3,4,4,4,3,4,4,4,4,6,5,5,4,3,3,4,3,4,4,4,3,3,15,4,3,3,4,5,4,3,4,4,4,4,3,4,4,5,5,5,5,1,1,1,1,19,0,0,0
0,0,0,0,100,0,0,0,0,0,,,,0,0,0,0,4,8,,3,3,2,,7,,,,2,2,1,1,3,3,3,3,1,1,1,1,1,1,3,3,1,3,1,1,4,3,3,3,5,5,5,5,5,5,4,1,5,4,4,3,5,1,1,1,1,1,4,3,5,6,4,5,5,3,1,1,1,1,20,0,0,0
0,0,0,0,100,0,0,0,0,0,,,,0,0,0,0,4,6,,3,3,5,,5,,7,,3,3,3,3,3,3,3,3,3,3,3,3,3,3,3,3,3,4,4,3,4,4,4,3,5,4,4,4,4,4,4,16,4,4,4,3,4,3,3,3,3,3,3,3,4,4,4,4,4,4,3,1,3,1,11,0,0,0
0,0,0,0,100,0,0,0,0,0,,,,0,0,0,0,4,5,,3,3,6,nicht bekannt,7,,,,3,3,3,3,3,3,3,3,3,3,3,3,3,3,3,3,3,3,4,4,4,3,5,3,5,1,3,1,1,1,4,15,6,4,4,1,1,3,3,3,3,3,3,3,3,6,4,1,3,1,2,1,2,1,14,0,0,0
0,0,0,0,100,0,0,0,0,0,,,,0,0,0,0,4,16,Spielaren,2,3,4,,7,,,,3,3,3,3,3,3,3,3,3,3,3,3,3,3,3,3,3,3,4,4,4,4,4,4,4,4,4,4,4,4,4,16,4,4,4,1,4,3,3,3,3,3,3,3,4,5,5,4,4,4,5,6,3,2,14,0,0,0
0,0,0,0,100,0,0,0,0,0,,,,0,0,0,0,4,2,,2,2,4,,4,,5,,4,4,4,4,3,3,4,3,3,4,3,3,2,4,3,4,3,3,4,5,5,3,4,4,4,4,3,3,4,5,4,17,4,4,3,5,5,3,3,3,3,3,4,4,5,4,4,5,4,4,5,6,4,4,13,0,0,0
0,0,0,0,100,0,0,0,0,0,,,,0,0,0,0,4,16,Versorgung,3,3,6,Industriegase,7,,,,1,1,1,1,1,1,1,1,1,1,1,1,1,1,1,1,1,1,1,1,1,4,4,4,4,4,4,4,4,4,4,17,4,4,4,4,4,1,1,1,1,1,5,5,4,5,5,5,5,4,5,3,5,3,13,0,0,0
0,0,0,0,100,0,0,0,0,0,,,,0,0,0,0,4,6,,2,3,4,,7,,,,3,3,2,2,3,3,3,3,3,3,3,3,3,3,3,3,1,3,4,3,4,5,5,5,6,5,6,5,6,5,6,15,6,6,6,4,4,3,3,3,4,3,3,3,4,6,6,5,5,4,5,1,2,1,17,0,0,0
0,0,0,0,100,0,0,0,0,0,,,,0,0,0,0,4,16,Bestattungen ,3,2,4,,7,,,,3,3,1,2,3,3,2,3,4,4,3,3,1,3,3,3,1,3,1,1,4,5,5,4,5,5,6,5,3,5,5,1,5,5,4,5,5,1,2,2,4,3,3,3,1,5,5,4,4,1,2,1,1,1,11,0,0,0
0,0,0,0,100,0,0,0,0,0,,,,0,0,0,0,4,10,,3,3,4,,7,,,,3,3,3,3,3,3,3,3,3,3,3,3,3,3,3,3,3,3,4,4,4,5,5,4,3,4,4,5,4,5,4,16,5,5,5,4,4,3,3,3,3,3,3,3,4,4,4,4,4,4,3,1,3,1,14,0,0,0
0,0,0,0,100,0,0,0,0,0,,,,0,0,0,0,4,15,,3,3,1,,7,,,,3,4,4,3,3,4,4,3,4,3,2,4,2,3,4,3,2,3,5,5,4,4,5,5,5,5,3,5,3,4,3,17,4,5,5,4,5,2,2,3,3,2,3,4,3,5,5,5,4,3,5,3,3,3,11,0,0,0
0,0,0,0,100,0,0,0,0,0,,,,0,0,0,0,3,14,,1,3,5,,7,,,,4,4,4,4,3,2,2,3,3,3,3,4,2,2,3,3,3,3,3,3,4,4,4,4,5,4,4,4,5,4,5,1,6,6,6,4,5,2,2,2,3,1,3,3,4,5,3,1,1,1,1,1,1,1,11,0,0,0
0,0,0,0,100,0,0,0,0,0,,,,0,0,0,0,3,7,,12,2,1,,5,,"2,5,7",,1,1,1,1,2,1,3,3,2,2,3,3,2,3,2,2,3,3,4,4,4,4,4,4,3,3,4,4,4,4,4,17,4,4,4,4,4,3,3,3,3,3,3,3,4,4,5,4,5,5,5,3,4,3,19,0,0,0
0,0,0,0,100,0,0,0,0,0,,,,0,0,0,0,2,12,,2,1,1,,5,,3,,4,3,4,4,4,5,3,4,4,4,5,4,4,4,4,5,3,4,5,5,4,5,5,6,4,5,5,5,6,4,5,15,5,5,6,5,6,4,4,3,5,3,4,5,5,4,6,5,5,4,2,2,1,1,19,0,0,0
0,0,0,0,100,0,0,0,0,0,,,,0,0,0,0,4,7,,2,2,5,,3,,"4,7",,4,4,4,4,4,4,3,4,4,4,4,4,4,4,4,4,3,4,5,5,5,5,5,5,5,5,6,6,5,6,5,17,5,5,4,4,5,5,4,4,3,3,3,3,4,5,5,5,6,5,2,2,2,2,19,0,0,0
0,0,0,0,100,0,0,0,0,0,,,,0,0,0,0,4,10,,3,3,4,,3,,4,,3,3,3,3,3,3,3,3,3,3,3,3,3,3,3,3,3,3,4,4,4,5,5,5,5,3,5,4,4,5,4,15,5,4,4,5,3,3,3,3,3,3,4,3,4,4,4,4,4,4,1,1,1,1,14,0,0,0
0,0,0,0,100,0,0,0,0,0,,,,0,0,0,0,4,4,,2,3,4,,7,,,,4,3,3,3,2,3,4,3,3,4,4,4,3,3,2,2,1,3,3,3,3,5,5,5,5,5,4,3,3,4,4,15,5,4,4,3,4,3,2,2,2,1,3,3,3,5,5,4,4,1,2,1,2,1,16,0,0,0
0,0,0,0,100,0,0,0,0,0,,,,0,0,0,0,4,6,,2,3,4,,7,,,,3,4,4,4,3,4,3,4,4,4,4,3,4,3,4,4,3,4,4,4,4,5,5,5,5,5,4,5,4,5,4,17,5,5,5,4,4,3,4,3,3,2,3,3,5,6,5,4,4,4,2,1,1,1,15,0,0,0
0,0,0,0,100,0,0,0,0,0,,,,0,0,0,0,3,11,,2,2,2,,4,,9,,3,4,3,1,4,4,3,4,3,4,4,4,4,3,4,4,1,4,4,5,5,4,4,4,3,4,5,4,4,6,4,17,5,3,4,4,4,5,3,3,5,1,5,4,1,6,4,6,6,1,5,1,2,1,17,0,0,0
0,0,0,0,100,0,0,0,0,0,,,,0,0,0,0,4,14,,2,3,4,,7,,,,3,3,4,4,3,3,3,3,2,2,2,3,3,3,4,3,1,2,3,3,3,4,4,4,5,4,4,4,3,4,4,15,5,4,4,3,4,1,1,1,1,1,4,4,4,5,5,4,4,4,4,3,2,2,16,0,0,0
0,0,0,0,100,0,0,0,0,0,,,,0,0,0,0,4,15,,2,2,5,,7,,,,3,3,3,3,2,2,2,3,3,3,3,3,3,2,3,4,2,4,4,4,5,4,5,5,5,5,5,5,5,5,4,16,5,4,4,5,5,2,2,2,4,4,2,2,4,5,5,5,4,3,4,1,2,1,15,0,0,0
0,0,0,0,100,0,0,0,0,0,,,,0,0,0,0,4,4,,2,2,4,,5,,"6,9",,4,5,5,4,4,5,5,4,5,4,3,4,4,4,5,5,4,3,6,5,5,6,6,5,5,5,6,5,6,6,5,16,5,6,6,5,6,5,4,4,5,5,5,4,5,5,5,6,6,6,3,2,2,2,13,0,0,0
0,0,0,0,100,0,0,0,0,0,,,,0,0,0,0,4,5,,2,3,6,Nicht verwendet,7,,,,3,3,3,3,3,3,3,3,3,3,3,3,3,3,3,3,3,3,4,4,4,4,3,3,4,3,4,5,3,4,4,16,4,3,3,5,4,3,3,3,3,3,3,3,4,4,4,4,4,4,3,1,2,1,11,0,0,0
0,0,0,0,100,0,0,0,0,0,,,,0,0,0,0,4,14,,3,3,4,,7,,,,3,3,3,2,2,2,3,3,2,3,3,2,3,3,3,2,1,2,4,1,3,3,3,3,3,1,4,4,4,3,4,17,4,1,3,3,1,1,1,2,2,2,4,4,4,6,5,5,5,3,4,3,4,3,11,0,0,0
0,0,0,0,100,0,0,0,0,0,,,,0,0,0,0,4,11,,2,2,4,,7,,,,2,2,2,3,4,3,4,4,2,5,4,3,4,4,2,3,1,3,5,5,5,6,5,5,4,3,6,6,5,5,5,17,5,5,5,3,6,2,4,2,4,1,1,2,6,6,3,6,5,3,5,6,1,1,20,0,0,0
0,0,0,0,100,0,0,0,0,0,,,,0,0,0,0,2,4,,1,3,4,,7,,,,3,3,3,3,2,2,3,3,3,3,3,3,2,3,2,4,1,2,3,3,4,3,4,4,4,5,5,4,4,5,4,1,5,4,4,4,5,3,3,3,3,3,4,4,4,6,4,5,5,3,2,1,1,1,14,0,0,0
0,0,0,0,100,0,0,0,0,0,,,,0,0,0,0,4,8,,3,3,4,,7,,,,3,3,3,3,3,3,3,3,3,3,3,3,3,3,3,3,3,3,4,4,4,4,4,4,4,4,4,4,4,4,4,16,4,4,4,4,4,3,3,3,3,3,3,3,4,4,4,4,4,4,5,1,2,1,11,0,0,0
0,0,0,0,100,0,0,0,0,0,,,,0,0,0,0,4,12,,2,3,4,,7,,,,3,3,3,3,3,3,3,3,3,3,3,3,3,3,3,3,3,3,4,4,4,4,4,4,3,3,4,4,4,4,4,17,4,4,4,4,4,3,3,3,3,3,3,3,4,4,4,4,4,4,4,3,4,3,14,0,0,0
0,0,0,0,100,0,0,0,0,0,,,,0,0,0,0,4,5,,2,2,4,,7,,,,3,3,3,3,2,2,3,3,3,3,3,3,3,3,3,3,3,3,4,4,4,4,4,4,4,4,4,4,4,4,4,17,4,4,4,4,4,3,3,4,4,3,3,3,4,5,5,4,4,4,5,6,4,4,14,0,0,0
0,0,0,0,100,0,0,0,0,0,,,,0,0,0,0,4,3,,12,2,4,,7,,,,3,3,3,3,3,3,3,3,3,3,3,3,3,3,3,3,3,3,4,4,4,4,4,4,4,4,4,4,4,4,4,16,4,4,4,4,4,3,3,3,3,3,3,3,4,4,4,4,4,4,5,2,2,2,12,0,0,0
0,0,0,0,100,0,0,0,0,0,,,,0,0,0,0,4,6,,2,3,4,,3,,4,,3,3,2,3,3,2,3,2,3,4,4,3,1,2,3,2,2,3,4,4,3,3,3,5,4,4,3,1,1,4,4,17,3,1,3,4,4,3,2,2,3,2,3,4,4,6,5,5,4,4,5,3,4,3,10,0,0,0
0,0,0,0,100,0,0,0,0,0,,,,0,0,0,0,3,4,,12,1,5,,3,,"4,5,6,9",,3,4,3,4,2,4,3,4,3,4,5,3,4,2,4,4,4,5,4,5,4,5,4,5,4,5,4,5,3,5,4,16,5,4,5,5,4,4,3,5,3,4,3,4,5,4,6,5,4,5,3,3,3,3,19,0,0,0
0,0,0,0,100,0,0,0,0,0,,,,0,0,0,0,4,8,,12,3,4,,3,,11,,4,3,3,3,4,4,3,3,3,3,4,4,3,2,3,4,4,3,4,4,4,4,5,5,6,5,4,4,5,5,5,16,4,5,5,4,5,4,4,4,3,4,4,4,5,5,5,4,4,5,2,1,1,1,17,0,0,0
0,0,0,0,100,0,0,0,0,0,,,,0,0,0,0,2,4,,12,2,4,,3,,4,,3,2,3,4,3,2,3,3,3,2,4,2,4,2,4,5,4,3,6,4,3,6,4,5,4,6,6,3,5,5,4,15,5,4,4,5,4,1,4,4,3,5,2,2,4,4,4,4,3,4,2,2,2,1,15,0,0,0
0,0,0,0,100,0,0,0,0,0,,,,0,0,0,0,4,6,,2,2,4,,4,,4,,3,4,4,4,3,3,3,4,4,3,3,4,4,4,4,4,4,4,5,5,5,5,5,5,5,5,5,4,4,5,5,1,4,4,4,4,4,4,3,3,3,3,3,3,5,4,4,4,4,4,1,1,1,1,14,0,0,0
0,0,0,0,100,0,0,0,0,0,,,,0,0,0,0,4,12,,3,3,4,,7,,,,4,4,4,4,4,4,4,4,3,4,4,4,3,3,4,4,4,4,4,5,4,4,5,5,5,4,4,4,4,4,4,17,4,5,5,5,5,3,4,4,4,3,3,3,4,5,5,4,4,4,5,3,4,3,14,0,0,0
0,0,0,0,100,0,0,0,0,0,,,,0,0,0,0,4,6,,2,2,4,,2,,4,,4,3,3,3,4,3,2,3,3,2,4,3,4,3,4,4,2,3,5,4,5,4,4,4,5,5,4,5,5,5,5,15,4,5,5,4,5,4,4,4,3,3,4,3,4,5,5,4,5,5,1,1,1,1,12,0,0,0
0,0,0,0,100,0,0,0,0,0,,,,0,0,0,0,4,4,,2,3,6,keine davon,7,,,,2,2,2,1,3,3,3,3,2,2,2,2,2,2,2,2,2,2,3,3,3,3,3,3,3,3,1,1,1,3,1,15,1,1,1,1,1,1,1,1,1,1,1,1,1,1,1,1,1,1,3,1,1,1,15,0,0,0
0,0,0,0,100,0,0,0,0,0,,,,0,0,0,0,4,11,,2,3,4,,7,,,,3,3,3,3,3,3,3,3,3,3,3,3,3,3,3,3,3,3,4,4,4,4,3,3,4,3,3,4,3,5,5,17,4,3,5,4,4,2,3,3,3,3,3,3,4,4,4,4,4,4,2,1,2,1,19,0,0,0
0,0,0,0,100,0,0,0,0,0,,,,0,0,0,0,4,4,,2,2,4,,2,,3,,3,4,3,4,3,3,4,4,4,3,2,3,3,3,4,3,3,3,4,4,4,4,5,4,5,5,4,5,4,5,5,17,5,5,5,5,4,3,3,3,3,3,4,4,4,4,5,5,5,5,5,6,5,4,19,0,0,0
0,0,0,0,100,0,0,0,0,0,,,,0,0,0,0,2,16,Bildung,1,3,4,,7,,,,3,4,2,1,3,3,4,3,3,3,4,2,2,3,3,3,1,3,3,1,5,4,5,5,4,4,1,3,1,5,4,16,5,4,3,5,5,1,1,1,2,1,5,5,4,5,4,5,3,5,2,1,1,1,17,0,0,0
0,0,0,0,100,0,0,0,0,0,,,,0,0,0,0,4,11,,2,3,2,,7,,,,3,3,3,3,3,3,3,3,3,3,3,3,3,3,3,3,3,3,4,4,4,4,4,4,4,4,4,4,4,4,4,16,4,4,4,4,4,3,3,3,3,3,3,3,4,4,4,4,4,4,5,1,1,1,17,0,0,0
0,0,0,0,100,0,0,0,0,0,,,,0,0,0,0,4,10,,1,2,5,,7,,,,4,4,3,4,2,2,4,4,3,1,3,4,1,3,2,4,2,4,5,4,5,5,4,3,1,4,5,5,5,6,3,16,5,3,4,5,3,1,4,2,4,3,3,2,4,3,3,5,3,6,1,1,1,2,17,0,0,0
0,0,0,0,100,0,0,0,0,0,,,,0,0,0,0,3,10,,1,2,3,,3,,3,,3,2,4,3,2,2,2,3,4,3,2,3,4,3,2,3,3,3,4,3,5,4,3,4,5,3,4,4,5,4,4,15,4,3,4,4,4,3,2,4,3,3,4,2,4,3,4,4,4,4,2,2,1,2,17,0,0,0
0,0,0,0,100,0,0,0,0,0,,,,0,0,0,0,4,14,,1,2,2,,7,,,,1,1,1,1,1,1,1,1,1,1,1,1,1,1,1,1,1,1,1,1,1,4,5,1,1,1,4,4,4,4,4,1,4,4,1,1,1,2,3,3,2,3,1,1,4,5,5,3,1,1,1,1,1,1,15,0,0,0
0,0,0,0,100,0,0,0,0,0,,,,0,0,0,0,3,7,,2,2,4,,3,,4,,3,5,2,3,4,2,3,3,4,4,2,3,3,4,3,4,4,2,3,5,4,5,3,4,5,3,5,5,4,4,4,15,5,3,4,4,4,3,4,2,3,3,3,3,5,3,5,4,4,4,2,3,2,3,15,0,0,0
0,0,0,0,100,0,0,0,0,0,,,,0,0,0,0,4,8,,12,2,4,,3,,"7,9",,4,4,5,4,4,3,3,3,3,4,4,3,3,3,3,4,4,3,5,4,5,5,4,4,4,5,5,4,4,4,3,17,4,4,5,5,4,4,3,3,2,4,4,3,5,5,4,4,5,5,4,3,4,3,16,0,0,0
0,0,0,0,100,0,0,0,0,0,,,,0,0,0,0,4,14,,12,3,4,,7,,,,3,3,1,1,3,3,3,3,3,3,3,3,1,3,3,3,1,3,4,1,4,1,1,1,3,4,5,5,4,4,5,16,5,4,4,3,3,1,1,1,1,1,3,3,3,6,6,4,4,1,1,2,1,1,11,0,0,0
0,0,0,0,100,0,0,0,0,0,,,,0,0,0,0,4,8,,1,3,4,,2,,3,,3,5,1,5,3,4,1,4,2,2,3,3,2,2,4,2,1,3,6,3,3,3,3,4,6,5,3,4,4,5,5,15,5,5,5,5,6,1,1,1,1,1,4,4,4,6,6,3,6,3,4,3,2,1,17,0,0,0
0,0,0,0,100,0,0,0,0,0,,,,0,0,0,0,4,8,,2,2,1,,5,,3,,4,4,4,4,4,4,4,4,4,4,4,4,4,4,3,4,4,4,5,5,5,5,5,5,5,5,4,5,5,5,4,16,5,5,5,5,5,4,3,4,3,3,3,2,5,5,5,5,5,5,4,6,4,3,14,0,0,0
0,0,0,0,100,0,0,0,0,0,,,,0,0,0,0,4,7,,1,2,4,,5,,3,,5,5,5,5,3,3,4,3,5,3,5,3,3,3,3,5,3,5,6,4,6,6,6,6,4,6,6,6,6,6,4,1,6,6,6,4,1,5,3,1,1,1,3,3,4,6,1,4,6,6,5,1,1,1,17,0,0,0
0,0,0,0,100,0,0,0,0,0,,,,0,0,0,0,4,12,,1,3,4,,7,,,,4,4,3,4,2,2,3,1,3,4,4,5,4,3,3,4,2,2,3,5,5,5,4,3,5,5,4,5,3,3,3,1,3,5,5,4,5,2,2,2,3,3,3,3,1,5,5,5,4,1,1,1,2,1,17,0,0,0
0,0,0,0,100,0,0,0,0,0,,,,0,0,0,0,4,12,,12,3,5,,5,,"3,5",,3,4,4,3,2,3,2,2,3,2,3,3,2,3,3,2,2,2,3,1,1,4,3,3,5,3,4,5,3,5,4,1,5,5,3,5,5,3,3,3,3,3,2,3,3,5,5,1,1,1,1,2,1,1,13,0,0,0
0,0,0,0,100,0,0,0,0,0,,,,0,0,0,0,2,16,Werbung,12,3,4,,2,,"7,9",,4,5,3,4,2,4,5,2,4,4,5,4,2,2,4,4,2,4,6,3,5,4,5,3,3,6,6,5,4,6,6,17,6,6,6,5,5,1,2,2,2,4,4,4,4,6,5,4,4,3,4,3,5,4,15,0,0,0
0,0,0,0,100,0,0,0,0,0,,,,0,0,0,0,2,5,,2,3,4,,5,,3,,3,3,3,3,3,4,3,3,4,3,3,4,3,3,3,3,3,3,5,4,4,4,4,4,5,4,4,5,4,5,4,1,4,4,4,4,5,3,3,3,3,3,4,3,4,4,5,4,4,4,2,1,1,1,10,0,0,0
0,0,0,0,100,0,0,0,0,0,,,,0,0,0,0,4,11,,12,3,5,,3,,9,,4,5,4,4,2,3,2,2,4,3,3,4,4,2,3,4,4,3,3,4,4,5,5,5,6,5,3,5,5,4,4,15,5,5,4,6,6,2,4,4,5,1,4,3,4,5,5,6,3,6,2,3,3,3,13,0,0,0
0,0,0,0,100,0,0,0,0,0,,,,0,0,0,0,4,5,,12,2,5,,7,,,,3,3,2,2,2,3,3,3,2,3,3,3,2,2,3,3,3,2,4,4,4,4,3,3,4,4,4,5,4,4,4,16,5,4,4,4,4,1,1,1,1,2,2,3,4,4,3,3,3,1,3,1,2,2,17,0,0,0
0,0,0,0,100,0,0,0,0,0,,,,0,0,0,0,4,14,,12,2,5,,5,,"6,7",,4,5,4,4,4,4,4,4,4,4,4,4,3,3,3,4,4,3,5,5,5,4,4,4,5,5,4,4,4,4,5,15,4,4,4,1,3,3,3,3,3,3,3,3,4,4,4,4,4,4,5,1,2,1,17,0,0,0
0,0,0,0,100,0,0,0,0,0,,,,0,0,0,0,4,10,,1,2,5,,7,,,,1,1,1,1,3,3,3,3,3,3,3,3,3,4,4,4,2,3,5,5,5,5,5,5,5,5,5,5,4,5,5,1,6,4,4,4,4,1,1,1,1,1,3,3,1,6,4,1,4,1,3,1,2,1,17,0,0,0
0,0,0,0,100,0,0,0,0,0,,,,0,0,0,0,4,14,,2,3,4,,7,,,,3,3,3,3,3,3,3,3,3,3,3,3,3,3,3,2,2,2,3,3,4,4,5,5,5,5,4,5,5,5,5,17,5,5,5,3,6,3,3,3,3,3,3,3,4,4,4,4,4,4,5,2,4,3,17,0,0,0
0,0,0,0,100,0,0,0,0,0,,,,0,0,0,0,4,4,,1,2,2,,5,,3,,4,4,3,4,4,3,4,5,4,3,4,4,4,5,3,2,3,3,4,4,4,4,5,4,5,5,4,5,5,5,4,1,6,4,4,4,4,1,3,3,3,3,3,3,4,4,1,1,4,1,2,1,1,4,17,0,0,0
0,0,0,0,100,0,0,0,0,0,,,,0,0,0,0,2,10,,12,1,1,,5,,6,,4,4,5,4,3,4,2,3,2,4,2,4,4,4,3,3,2,5,5,5,3,5,3,6,6,5,6,6,5,5,6,15,6,5,5,5,5,4,4,4,4,5,5,3,4,4,4,6,5,5,3,2,1,2,12,0,0,0
0,0,0,0,100,0,0,0,0,0,,,,0,0,0,0,4,10,,12,2,3,,2,,2,,4,5,4,4,3,3,3,3,3,3,3,3,4,3,3,4,3,3,4,4,4,4,4,4,4,4,4,4,4,4,4,15,4,4,4,4,4,3,3,3,3,3,3,3,4,4,4,4,4,4,2,1,2,1,17,0,0,0
0,0,0,0,100,0,0,0,0,0,,,,0,0,0,0,1,14,,1,3,6,Eventmanager,7,,,,3,3,3,3,3,3,3,3,3,3,3,3,3,3,3,3,3,3,4,4,4,5,5,5,5,4,4,4,4,5,5,1,5,4,4,4,3,1,1,1,1,1,3,3,4,4,4,4,4,4,1,1,2,1,10,0,0,0
0,0,0,0,100,0,0,0,0,0,,,,0,0,0,0,4,16,Dienstleistungen,1,3,6,Dienstleister,7,,,,3,2,1,1,2,2,2,2,1,1,1,1,1,1,1,1,1,1,1,1,1,1,1,1,1,1,1,1,1,1,1,1,1,1,1,1,1,1,1,1,1,1,1,1,1,1,1,1,1,1,1,1,2,1,11,0,0,0
0,0,0,0,100,0,0,0,0,0,,,,0,0,0,0,4,8,,3,2,4,,7,,,,3,2,1,3,3,3,3,3,2,2,3,2,1,4,4,4,3,4,3,3,3,1,3,5,3,5,3,3,3,1,3,15,1,1,1,4,4,1,1,1,1,1,3,3,3,5,4,1,3,1,4,1,2,1,14,0,0,0
0,0,0,0,100,0,0,0,0,0,,,,0,0,0,0,4,15,,12,1,4,,3,,3,,3,3,4,4,4,4,4,3,3,4,3,4,4,3,3,4,4,4,4,5,5,4,5,6,6,6,6,6,6,6,6,16,4,6,5,4,5,4,4,4,2,1,3,4,5,5,5,5,4,5,2,1,2,1,11,0,0,0
0,0,0,0,100,0,0,0,0,0,,,,0,0,0,0,4,7,,12,2,1,,2,,2,,3,4,4,2,3,3,3,3,4,4,3,4,2,2,2,3,1,3,3,1,3,1,5,6,6,5,3,4,3,4,1,15,5,3,3,5,5,1,3,3,3,2,3,3,4,5,5,4,5,4,5,1,2,1,14,0,0,0
0,0,0,0,100,0,0,0,0,0,,,,0,0,0,0,1,12,,1,2,4,,2,,"3,6,9",,3,4,3,4,3,3,3,3,3,4,4,4,3,3,4,4,2,4,5,5,5,5,5,5,5,5,5,5,5,5,5,1,5,4,5,3,5,4,4,4,3,1,3,3,4,5,5,4,5,3,4,1,4,1,17,0,0,0
0,0,0,0,100,0,0,0,0,0,,,,0,0,0,0,4,14,,12,3,5,,5,,2,,4,4,3,2,4,4,5,4,2,2,4,3,1,2,2,3,1,2,3,5,4,3,5,3,6,3,6,5,3,5,4,17,5,6,5,6,5,4,2,3,1,3,4,4,6,3,4,6,5,1,5,6,5,4,11,0,0,0
0,0,0,0,100,0,0,0,0,0,,,,0,0,0,0,1,1,,2,2,3,,4,,3,,3,3,3,2,3,3,4,3,3,3,2,4,4,3,3,4,2,3,4,4,5,4,3,1,5,4,6,4,3,3,4,15,3,5,4,4,6,2,1,4,4,3,3,3,3,5,6,6,1,1,3,3,3,2,10,0,0,0
0,0,0,0,100,0,0,0,0,0,,,,0,0,0,0,4,7,,2,2,4,,3,,4,,4,3,4,4,5,3,3,4,2,3,4,4,4,2,5,5,3,2,5,5,3,3,4,5,3,4,5,5,3,4,4,16,5,4,4,3,5,2,3,2,4,4,3,2,4,5,5,3,4,5,2,1,3,2,16,0,0,0
0,0,0,0,100,0,0,0,0,0,,,,0,0,0,0,4,10,,1,3,6,Geschäftsführer,7,,,,1,1,1,1,2,2,2,2,1,1,1,1,3,3,3,2,2,2,4,4,4,4,4,4,5,4,5,5,4,5,4,1,5,3,1,4,4,1,1,1,1,1,3,3,1,6,4,4,4,1,3,1,2,1,11,0,0,0
0,0,0,0,100,0,0,0,0,0,,,,0,0,0,0,4,1,,12,3,4,,2,,4,,4,4,3,2,3,3,4,3,3,4,4,3,1,3,4,4,2,1,3,5,5,3,4,3,5,3,6,5,3,5,5,17,5,3,4,4,5,1,1,1,1,1,3,3,3,6,6,4,5,4,5,6,5,3,14,0,0,0
0,0,0,0,100,0,0,0,0,0,,,,0,0,0,0,4,12,,1,3,4,,6,1,3,,3,3,3,3,2,3,2,3,3,3,3,3,1,1,1,1,1,1,1,1,1,3,5,3,3,3,4,5,4,4,4,1,4,4,4,4,4,3,3,3,4,3,4,4,5,6,3,4,3,3,2,1,1,1,14,0,0,0
0,0,0,0,100,0,0,0,0,0,,,,0,0,0,0,4,12,,1,2,4,,2,,3,,3,2,3,3,3,3,4,3,3,4,3,3,3,4,3,3,4,3,4,3,4,4,5,4,4,4,4,4,5,5,4,1,5,5,4,4,5,3,4,3,3,4,3,3,4,5,4,5,3,4,2,1,2,1,14,0,0,0
0,0,0,0,100,0,0,0,0,0,,,,0,0,0,0,4,8,,1,3,4,,7,,,,1,1,1,1,1,1,1,2,3,1,3,2,2,2,4,4,2,2,1,3,4,3,1,3,4,3,1,1,4,3,3,15,5,1,1,3,1,3,2,3,1,2,2,2,1,3,1,1,3,1,5,1,4,1,17,0,0,0
0,0,0,0,100,0,0,0,0,0,,,,0,0,0,0,3,15,,2,3,6,Operativ,7,,,,3,3,3,3,3,3,3,3,3,3,3,3,3,3,3,3,3,3,4,4,4,4,4,4,4,4,4,4,4,4,4,15,4,4,4,4,4,2,2,2,2,2,3,3,3,3,3,3,3,3,4,6,1,1,11,0,0,0
0,0,0,0,100,0,0,0,0,0,,,,0,0,0,0,2,16,,1,2,4,,7,,,,3,3,3,3,4,3,3,3,3,3,3,3,3,3,4,3,3,3,4,4,4,4,4,4,4,4,5,6,4,4,4,1,4,5,4,5,3,1,3,2,2,2,2,1,4,4,4,4,4,4,1,1,1,1,13,0,0,0
0,0,0,0,100,0,0,0,0,0,,,,0,0,0,0,4,6,,1,3,4,,7,,,,1,1,1,1,1,1,1,1,1,1,1,1,1,1,1,1,1,1,1,1,1,4,4,4,6,4,1,1,1,4,4,1,4,4,1,1,1,1,1,1,1,1,3,5,1,6,4,4,3,1,2,1,1,1,11,0,0,0
0,0,0,0,100,0,0,0,0,0,,,,0,0,0,0,3,2,,2,1,5,,2,,"2,4,10",,2,3,3,4,4,2,3,2,5,4,5,3,4,4,5,5,4,5,5,4,3,6,4,5,5,5,6,4,5,4,5,15,6,5,5,6,5,5,4,4,5,5,5,3,4,4,5,4,5,5,2,1,1,1,13,0,0,0
0,0,0,0,100,0,0,0,0,0,,,,0,0,0,0,4,14,,1,2,4,,7,,,,4,4,3,3,3,3,4,3,3,3,3,3,3,3,4,4,2,3,4,4,4,3,4,3,4,5,5,5,4,5,4,1,4,4,4,5,5,4,3,3,3,4,3,3,4,5,4,3,4,3,2,1,1,1,17,0,0,0
0,0,0,0,100,0,0,0,0,0,,,,0,0,0,0,3,8,,1,3,4,,7,,,,3,3,3,3,3,3,3,3,3,3,3,3,3,3,3,3,3,3,4,4,4,4,5,4,4,3,4,4,3,4,4,1,4,5,5,5,5,2,4,3,2,2,3,3,5,5,5,1,4,3,4,1,1,1,10,0,0,0
0,0,0,0,100,0,0,0,0,0,,,,0,0,0,0,3,6,,2,3,4,,6,1,4,,3,3,3,3,3,3,3,3,3,3,3,3,3,3,3,3,3,3,4,4,4,4,4,4,4,4,4,4,4,4,4,15,3,4,4,5,4,3,3,3,3,3,3,3,4,4,4,4,4,4,4,1,1,1,11,0,0,0
0,0,0,0,100,0,0,0,0,0,,,,0,0,0,0,4,8,,3,3,1,,5,,3,,3,3,4,3,3,3,4,4,3,2,3,2,1,3,3,4,1,1,4,3,3,5,5,6,6,5,4,4,4,4,4,17,5,5,4,5,4,3,3,3,3,3,3,3,3,6,5,5,4,6,4,6,5,3,11,0,0,0
0,0,0,0,100,0,0,0,0,0,,,,0,0,0,0,2,2,,2,2,4,,5,,10,,4,5,4,3,5,5,5,5,5,5,5,5,5,3,3,4,2,3,6,6,6,6,6,6,6,5,6,6,6,6,5,1,6,6,6,6,5,2,3,1,1,1,5,4,5,4,1,6,6,1,1,1,1,1,17,0,0,0
0,0,0,0,100,0,0,0,0,0,,,,0,0,0,0,4,2,,12,2,4,,7,,,,3,4,3,2,4,4,4,4,3,2,4,3,3,3,4,4,3,3,3,3,3,1,3,5,3,5,4,3,1,4,3,15,5,3,4,3,3,2,3,1,1,3,4,4,4,5,4,6,5,4,4,1,1,1,13,0,0,0
0,0,0,0,100,0,0,0,0,0,,,,0,0,0,0,2,14,,12,3,4,,5,,3,,3,4,4,3,3,2,4,3,4,3,5,3,2,2,4,5,2,3,3,1,4,4,4,5,5,3,4,4,3,5,4,15,5,6,4,5,5,4,5,2,3,3,4,2,4,5,1,3,3,1,1,1,1,1,17,0,0,0
0,0,0,0,100,0,0,0,0,0,,,,0,0,0,0,2,7,,1,2,4,,7,,,,3,3,3,3,3,3,3,3,3,3,3,3,3,3,3,3,3,3,4,4,4,4,4,4,4,4,4,4,4,4,4,1,4,4,4,4,4,3,3,3,3,3,3,3,4,4,4,4,4,4,1,1,1,1,19,0,0,0
0,0,0,0,100,0,0,0,0,0,,,,0,0,0,0,4,4,,12,2,4,,2,,9,,3,3,3,3,3,3,3,3,3,3,3,3,3,3,3,3,3,3,4,4,4,4,4,4,4,4,4,4,4,4,4,15,4,4,4,4,4,3,3,3,3,3,3,3,4,4,4,4,4,4,4,1,4,2,17,0,0,0
0,0,0,0,100,0,0,0,0,0,,,,0,0,0,0,3,7,,3,2,1,,7,,,,1,1,1,1,3,3,1,3,3,3,3,3,2,3,2,2,1,2,5,5,4,3,4,4,5,4,4,4,4,4,4,1,6,4,4,3,5,1,1,1,1,1,3,3,4,5,5,4,5,4,3,1,1,1,19,0,0,0
0,0,0,0,100,0,0,0,0,0,,,,0,0,0,0,2,2,,2,1,6,Geld,3,,"2,3,4,5,6,7,9,10",,4,5,5,5,4,3,5,5,4,5,5,5,5,3,5,4,5,5,6,6,6,6,6,6,6,6,6,6,6,6,5,16,6,5,6,5,4,3,4,4,4,5,3,3,6,6,6,6,6,6,2,2,3,1,13,0,0,0
0,0,0,0,100,0,0,0,0,0,,,,0,0,0,0,4,16,Dienstleistung,12,2,4,,2,,9,,3,4,4,3,3,3,3,4,4,3,4,3,2,3,3,3,1,3,4,3,4,4,4,4,5,5,5,4,3,5,4,15,5,6,4,4,4,1,1,1,3,1,3,3,4,6,5,4,5,3,2,1,2,1,17,0,0,0
0,0,0,0,100,0,0,0,0,0,,,,0,0,0,0,4,7,,12,3,5,,7,,,,3,4,3,3,4,4,4,4,3,4,4,3,2,3,2,4,1,3,1,3,4,3,4,4,5,5,5,5,5,3,3,16,4,4,4,5,5,1,2,2,1,1,3,3,1,6,6,3,3,3,4,3,1,4,14,0,0,0
0,0,0,0,100,0,0,0,0,0,,,,0,0,0,0,4,16,Bildung,3,2,1,,3,,"7,9",,4,4,3,3,3,3,3,3,4,4,4,4,4,3,3,4,4,4,4,5,5,6,6,6,6,6,5,5,5,6,5,17,6,6,5,4,4,3,3,3,3,3,4,4,5,6,6,6,6,6,5,1,3,1,12,0,0,0
0,0,0,0,100,0,0,0,0,0,,,,0,0,0,0,4,8,,1,3,4,,2,,6,,4,4,3,3,4,3,4,4,4,4,4,4,3,3,3,4,2,3,4,4,4,5,5,4,4,5,5,5,5,4,4,1,5,5,5,4,3,3,3,3,2,2,4,4,3,4,4,3,5,4,4,1,3,1,11,0,0,0
0,0,0,0,100,0,0,0,0,0,,,,0,0,0,0,1,13,,12,2,4,,7,,,,3,3,1,1,3,3,3,4,4,4,4,4,2,3,3,3,2,4,5,5,5,3,1,1,1,3,1,1,3,5,5,16,5,3,3,1,1,1,2,1,1,1,1,1,1,3,1,1,1,1,5,3,1,1,11,0,0,0
0,0,0,0,100,0,0,0,0,0,,,,0,0,0,0,4,11,,12,2,5,,2,,7,,3,4,3,4,3,3,3,4,4,4,3,3,4,3,3,4,2,3,4,5,4,5,4,5,5,5,5,4,4,5,5,1,5,4,4,3,5,3,3,3,3,3,3,3,3,5,4,5,4,3,4,1,2,1,17,0,0,0
0,0,0,0,100,0,0,0,0,0,,,,0,0,0,0,4,6,,12,2,4,,3,,"2,4,7",,4,5,4,4,5,4,4,4,4,4,5,4,3,3,3,3,4,4,4,4,5,4,4,5,5,5,4,4,5,5,4,17,4,4,5,4,5,2,3,3,3,2,3,2,3,4,4,4,5,4,5,1,2,2,17,0,0,0
0,0,0,0,100,0,0,0,0,0,,,,0,0,0,0,4,14,,1,3,4,,2,,9,,2,2,3,4,4,4,4,4,3,4,4,3,4,4,4,4,4,4,4,4,4,4,5,5,5,6,5,1,3,5,5,1,6,5,4,3,5,1,2,1,1,1,3,2,5,6,4,5,4,4,5,1,1,1,17,0,0,0
0,0,0,0,100,0,0,0,0,0,,,,0,0,0,0,3,7,,12,1,1,,5,,"2,3,4,5,6,7,9,10",,5,5,5,5,5,4,4,4,5,5,4,4,5,4,4,5,5,5,6,6,6,6,6,6,6,6,6,6,6,6,6,17,6,5,6,5,6,5,5,4,5,5,1,1,3,6,4,4,6,4,5,3,2,3,19,0,0,0
0,0,0,0,100,0,0,0,0,0,,,,0,0,0,0,2,6,,1,3,6,?,7,,,,3,3,3,3,3,3,3,3,3,3,3,3,3,3,3,3,3,3,4,4,4,4,4,4,5,4,4,4,4,5,5,1,4,4,4,4,4,3,3,3,3,3,3,3,4,4,4,4,4,4,4,1,1,1,14,0,0,0
0,0,0,0,100,0,0,0,0,0,,,,0,0,0,0,3,7,,12,2,4,,3,,"5,6",,4,4,4,4,3,3,3,4,4,3,3,4,3,4,3,3,3,4,4,3,4,5,5,4,5,5,5,5,5,5,4,16,5,5,5,4,5,3,3,3,3,3,3,3,4,5,5,5,5,5,4,2,2,2,14,0,0,0
0,0,0,0,100,0,0,0,0,0,,,,0,0,0,0,4,10,,2,3,5,,7,,,,3,3,3,3,3,3,3,3,3,3,3,3,3,3,3,3,3,3,4,4,4,4,4,4,4,4,4,4,4,4,4,1,4,4,4,4,4,2,2,2,2,2,3,3,4,4,4,4,4,4,2,1,1,1,17,0,0,0
0,0,0,0,100,0,0,0,0,0,,,,0,0,0,0,4,12,,1,3,6,Eigentümerin,7,,,,3,3,3,3,3,3,3,3,3,3,3,3,3,3,3,3,3,3,4,4,4,4,4,4,4,4,4,4,4,4,4,1,4,4,4,4,4,3,3,3,3,3,3,3,4,4,4,4,4,4,5,3,1,3,14,0,0,0
0,0,0,0,100,0,0,0,0,0,,,,0,0,0,0,2,7,,1,2,4,,6,2,4,,5,5,5,5,3,4,4,3,5,3,3,2,4,3,3,4,2,3,5,5,5,3,4,3,5,5,4,4,3,4,3,1,4,4,5,4,5,3,4,3,4,2,4,4,3,5,5,4,5,3,2,1,2,2,10,0,0,0
0,0,0,0,100,0,0,0,0,0,,,,0,0,0,0,4,12,,1,3,4,,7,,,,3,4,3,4,2,3,4,3,2,2,2,2,2,2,2,2,2,2,1,1,3,5,5,4,5,5,5,5,4,5,5,1,5,5,4,4,4,4,4,3,4,2,3,3,4,5,5,4,4,3,1,1,1,1,17,0,0,0
0,0,0,0,100,0,0,0,0,0,,,,0,0,0,0,3,10,,1,2,4,,7,,,,3,3,3,3,3,3,3,3,3,3,3,3,3,3,3,3,3,3,4,4,4,5,5,5,5,5,5,5,5,5,5,1,6,5,5,4,4,3,3,3,3,3,3,3,4,4,4,4,4,4,1,1,1,1,14,0,0,0
0,0,0,0,100,0,0,0,0,0,,,,0,0,0,0,4,3,,12,3,4,,7,,,,3,2,2,4,2,2,2,2,2,2,2,2,2,1,2,2,1,1,1,1,1,5,3,5,5,6,5,5,3,5,4,15,5,3,1,4,3,1,2,1,1,1,4,4,4,5,5,6,5,3,4,1,3,2,13,0,0,0
0,0,0,0,100,0,0,0,0,0,,,,0,0,0,0,4,10,,1,2,1,,3,,2,,4,4,4,4,5,4,3,3,4,3,3,4,3,3,3,4,3,5,5,5,5,5,5,5,5,6,5,5,5,6,5,1,5,5,5,5,5,4,5,4,4,3,5,4,5,5,5,4,5,5,1,1,1,1,17,0,0,0
0,0,0,0,100,0,0,0,0,0,,,,0,0,0,0,4,10,,1,3,4,,7,,,,3,3,3,3,3,3,3,3,3,3,3,3,3,3,3,3,3,3,4,4,4,4,4,4,4,4,4,4,4,4,4,1,5,4,4,4,4,3,3,3,3,3,3,3,4,4,4,4,4,4,2,1,1,1,13,0,0,0
0,0,0,0,100,0,0,0,0,0,,,,0,0,0,0,4,1,,1,3,4,,7,,,,2,3,3,2,3,2,3,4,4,3,2,2,1,1,3,5,4,3,4,4,4,4,4,4,4,3,5,4,3,1,3,1,4,4,4,3,4,4,4,4,3,3,3,3,3,3,4,5,5,4,5,3,2,2,17,0,0,0
0,0,0,0,100,0,0,0,0,0,,,,0,0,0,0,2,12,,1,3,2,,2,,3,,3,3,3,3,3,3,3,3,3,3,3,3,3,3,3,3,3,3,4,4,4,4,4,4,4,4,4,4,4,4,4,1,4,4,4,4,4,3,3,3,3,3,3,3,4,4,4,4,4,4,1,1,1,1,14,0,0,0